"prvdr_id","scr","msr_cd","ftnt_id"
"010001","1","SPP_1",""
"010005","1.03","SPP_1",""
"010006","1","SPP_1",""
"010007","1.03","SPP_1",""
"010008","1.15","SPP_1",""
"010011","0.99","SPP_1",""
"010012","1.03","SPP_1",""
"010016","1.01","SPP_1",""
"010018","Not Available","SPP_1","16"
"010019","1.09","SPP_1",""
"010021","1","SPP_1",""
"010022","0.98","SPP_1",""
"010023","1.01","SPP_1",""
"010024","1.03","SPP_1",""
"010025","0.94","SPP_1",""
"010027","0.87","SPP_1",""
"010029","0.89","SPP_1",""
"010032","0.91","SPP_1",""
"010033","0.97","SPP_1",""
"010034","0.92","SPP_1",""
"010035","1","SPP_1",""
"010036","0.97","SPP_1",""
"010038","0.99","SPP_1",""
"010039","1","SPP_1",""
"010040","1.06","SPP_1",""
"010043","0.85","SPP_1",""
"010044","0.9","SPP_1",""
"010045","0.94","SPP_1",""
"010046","1.03","SPP_1",""
"010047","0.93","SPP_1",""
"010049","0.95","SPP_1",""
"010050","1.07","SPP_1",""
"010051","0.74","SPP_1",""
"010054","0.97","SPP_1",""
"010055","0.97","SPP_1",""
"010056","1.04","SPP_1",""
"010058","1.04","SPP_1",""
"010059","0.89","SPP_1",""
"010061","0.87","SPP_1",""
"010062","1.06","SPP_1",""
"010065","0.96","SPP_1",""
"010066","0.94","SPP_1",""
"010069","1.01","SPP_1",""
"010073","1.03","SPP_1",""
"010078","1","SPP_1",""
"010079","0.97","SPP_1",""
"010083","1.01","SPP_1",""
"010085","0.97","SPP_1",""
"010086","1.02","SPP_1",""
"010087","0.96","SPP_1",""
"010089","0.97","SPP_1",""
"010090","0.98","SPP_1",""
"010091","0.9","SPP_1",""
"010092","0.99","SPP_1",""
"010095","1.07","SPP_1",""
"010097","1.16","SPP_1",""
"010099","0.98","SPP_1",""
"010100","0.96","SPP_1",""
"010101","0.98","SPP_1",""
"010102","0.92","SPP_1",""
"010103","0.98","SPP_1",""
"010104","1.01","SPP_1",""
"010108","1.05","SPP_1",""
"010109","0.96","SPP_1",""
"010110","1.12","SPP_1",""
"010112","0.99","SPP_1",""
"010113","0.98","SPP_1",""
"010114","0.97","SPP_1",""
"010118","1","SPP_1",""
"010120","0.98","SPP_1",""
"010125","0.94","SPP_1",""
"010126","0.97","SPP_1",""
"010128","0.96","SPP_1",""
"010129","0.87","SPP_1",""
"010130","0.95","SPP_1",""
"010131","0.99","SPP_1",""
"010137","0.97","SPP_1",""
"010138","1.1","SPP_1",""
"010139","1.04","SPP_1",""
"010144","0.99","SPP_1",""
"010146","1.06","SPP_1",""
"010148","0.92","SPP_1",""
"010149","1.01","SPP_1",""
"010150","0.96","SPP_1",""
"010152","1.05","SPP_1",""
"010157","1.07","SPP_1",""
"010158","0.91","SPP_1",""
"010164","0.96","SPP_1",""
"010168","0.94","SPP_1",""
"010169","0.95","SPP_1",""
"020001","0.88","SPP_1",""
"020006","0.78","SPP_1",""
"020008","0.84","SPP_1",""
"020012","0.8","SPP_1",""
"020017","0.85","SPP_1",""
"020018","0.77","SPP_1",""
"020024","0.87","SPP_1",""
"020026","0.77","SPP_1",""
"020027","0.93","SPP_1",""
"030001","0.99","SPP_1",""
"030002","0.98","SPP_1",""
"030006","1","SPP_1",""
"030007","0.95","SPP_1",""
"030010","0.98","SPP_1",""
"030011","1.01","SPP_1",""
"030012","0.95","SPP_1",""
"030013","0.99","SPP_1",""
"030014","0.96","SPP_1",""
"030016","0.96","SPP_1",""
"030022","1.05","SPP_1",""
"030023","0.92","SPP_1",""
"030024","1.01","SPP_1",""
"030030","1","SPP_1",""
"030033","0.91","SPP_1",""
"030036","0.95","SPP_1",""
"030037","0.98","SPP_1",""
"030038","1.05","SPP_1",""
"030043","0.94","SPP_1",""
"030055","0.92","SPP_1",""
"030061","0.96","SPP_1",""
"030062","0.89","SPP_1",""
"030064","0.96","SPP_1",""
"030065","0.97","SPP_1",""
"030067","0.87","SPP_1",""
"030068","0.93","SPP_1",""
"030069","0.89","SPP_1",""
"030071","0.72","SPP_1",""
"030073","0.68","SPP_1",""
"030074","Not Available","SPP_1","16"
"030077","Not Available","SPP_1","16"
"030078","0.73","SPP_1",""
"030083","0.97","SPP_1",""
"030084","0.68","SPP_1",""
"030085","1.04","SPP_1",""
"030087","1.02","SPP_1",""
"030088","0.98","SPP_1",""
"030089","0.99","SPP_1",""
"030092","0.93","SPP_1",""
"030093","0.98","SPP_1",""
"030094","1","SPP_1",""
"030100","0.97","SPP_1",""
"030101","0.91","SPP_1",""
"030103","0.94","SPP_1",""
"030105","0.98","SPP_1",""
"030107","0.96","SPP_1",""
"030108","0.92","SPP_1",""
"030110","0.95","SPP_1",""
"030111","0.94","SPP_1",""
"030112","1.04","SPP_1",""
"030113","0.67","SPP_1",""
"030114","0.95","SPP_1",""
"030115","0.95","SPP_1",""
"030117","0.95","SPP_1",""
"030118","0.96","SPP_1",""
"030119","1.01","SPP_1",""
"030120","0.94","SPP_1",""
"030121","1.04","SPP_1",""
"030122","0.94","SPP_1",""
"030123","1","SPP_1",""
"030126","1.01","SPP_1",""
"030130","0.99","SPP_1",""
"030131","0.95","SPP_1",""
"040001","0.98","SPP_1",""
"040002","0.95","SPP_1",""
"040004","1.01","SPP_1",""
"040007","0.98","SPP_1",""
"040010","0.97","SPP_1",""
"040011","0.74","SPP_1",""
"040014","0.99","SPP_1",""
"040015","1.11","SPP_1",""
"040016","0.99","SPP_1",""
"040017","0.94","SPP_1",""
"040018","1.02","SPP_1",""
"040019","0.88","SPP_1",""
"040020","0.98","SPP_1",""
"040022","1.04","SPP_1",""
"040026","0.96","SPP_1",""
"040027","0.96","SPP_1",""
"040029","1.02","SPP_1",""
"040036","1.01","SPP_1",""
"040039","1.04","SPP_1",""
"040041","0.97","SPP_1",""
"040042","1.02","SPP_1",""
"040047","1.04","SPP_1",""
"040050","1.08","SPP_1",""
"040051","1.03","SPP_1",""
"040055","1.05","SPP_1",""
"040062","1.01","SPP_1",""
"040067","0.98","SPP_1",""
"040069","1.03","SPP_1",""
"040071","1.01","SPP_1",""
"040072","0.81","SPP_1",""
"040074","1.05","SPP_1",""
"040076","0.97","SPP_1",""
"040078","1","SPP_1",""
"040080","1.04","SPP_1",""
"040084","1","SPP_1",""
"040085","0.84","SPP_1",""
"040088","1.07","SPP_1",""
"040091","0.88","SPP_1",""
"040114","0.99","SPP_1",""
"040118","1","SPP_1",""
"040119","0.99","SPP_1",""
"040134","0.92","SPP_1",""
"040137","1.05","SPP_1",""
"040147","0.9","SPP_1",""
"040152","1.03","SPP_1",""
"050002","1.02","SPP_1",""
"050006","0.95","SPP_1",""
"050007","0.87","SPP_1",""
"050008","0.96","SPP_1",""
"050009","0.93","SPP_1",""
"050013","0.83","SPP_1",""
"050014","0.85","SPP_1",""
"050016","0.91","SPP_1",""
"050017","0.93","SPP_1",""
"050018","1.03","SPP_1",""
"050022","1.05","SPP_1",""
"050024","1.07","SPP_1",""
"050025","0.98","SPP_1",""
"050026","1.01","SPP_1",""
"050028","0.93","SPP_1",""
"050030","0.88","SPP_1",""
"050036","1.04","SPP_1",""
"050038","0.94","SPP_1",""
"050039","0.98","SPP_1",""
"050040","1.03","SPP_1",""
"050042","0.89","SPP_1",""
"050043","1.01","SPP_1",""
"050045","0.89","SPP_1",""
"050046","0.84","SPP_1",""
"050047","0.91","SPP_1",""
"050054","1.07","SPP_1",""
"050055","0.84","SPP_1",""
"050056","0.99","SPP_1",""
"050057","0.96","SPP_1",""
"050058","1.02","SPP_1",""
"050060","0.99","SPP_1",""
"050063","1.13","SPP_1",""
"050067","0.93","SPP_1",""
"050069","0.99","SPP_1",""
"050070","0.73","SPP_1",""
"050071","0.81","SPP_1",""
"050072","0.66","SPP_1",""
"050073","0.81","SPP_1",""
"050075","0.75","SPP_1",""
"050076","0.69","SPP_1",""
"050077","1.05","SPP_1",""
"050078","0.96","SPP_1",""
"050079","0.97","SPP_1",""
"050082","1.02","SPP_1",""
"050084","1.02","SPP_1",""
"050089","1.03","SPP_1",""
"050090","0.91","SPP_1",""
"050091","0.92","SPP_1",""
"050093","1","SPP_1",""
"050096","1.23","SPP_1",""
"050099","1.09","SPP_1",""
"050100","0.99","SPP_1",""
"050101","1.05","SPP_1",""
"050102","1.16","SPP_1",""
"050103","1.07","SPP_1",""
"050104","1.1","SPP_1",""
"050107","0.94","SPP_1",""
"050108","0.93","SPP_1",""
"050110","0.88","SPP_1",""
"050111","1.35","SPP_1",""
"050112","1.03","SPP_1",""
"050113","0.84","SPP_1",""
"050115","1.02","SPP_1",""
"050116","1.04","SPP_1",""
"050118","0.97","SPP_1",""
"050121","0.95","SPP_1",""
"050122","1.06","SPP_1",""
"050124","1.09","SPP_1",""
"050125","0.98","SPP_1",""
"050126","1.13","SPP_1",""
"050127","0.91","SPP_1",""
"050128","1.05","SPP_1",""
"050129","1.06","SPP_1",""
"050131","1","SPP_1",""
"050132","1.11","SPP_1",""
"050133","0.93","SPP_1",""
"050135","1.33","SPP_1",""
"050136","1","SPP_1",""
"050137","0.75","SPP_1",""
"050138","0.88","SPP_1",""
"050139","0.77","SPP_1",""
"050140","0.82","SPP_1",""
"050145","0.95","SPP_1",""
"050149","1","SPP_1",""
"050150","0.88","SPP_1",""
"050152","1.02","SPP_1",""
"050153","0.96","SPP_1",""
"050158","1.03","SPP_1",""
"050159","0.95","SPP_1",""
"050167","1","SPP_1",""
"050168","1.07","SPP_1",""
"050169","1.02","SPP_1",""
"050174","0.99","SPP_1",""
"050179","0.96","SPP_1",""
"050180","1.03","SPP_1",""
"050189","0.93","SPP_1",""
"050191","1.13","SPP_1",""
"050192","0.98","SPP_1",""
"050194","0.93","SPP_1",""
"050195","0.96","SPP_1",""
"050196","Not Available","SPP_1","16"
"050197","0.95","SPP_1",""
"050204","0.98","SPP_1",""
"050205","1.5","SPP_1",""
"050211","0.95","SPP_1",""
"050222","0.99","SPP_1",""
"050224","1.03","SPP_1",""
"050225","0.91","SPP_1",""
"050226","1.08","SPP_1",""
"050228","0.93","SPP_1",""
"050230","1.09","SPP_1",""
"050231","1.03","SPP_1",""
"050232","0.95","SPP_1",""
"050234","0.88","SPP_1",""
"050235","1.01","SPP_1",""
"050236","1.04","SPP_1",""
"050238","1.04","SPP_1",""
"050239","1.05","SPP_1",""
"050242","0.99","SPP_1",""
"050243","1.03","SPP_1",""
"050245","1","SPP_1",""
"050248","0.93","SPP_1",""
"050254","0.86","SPP_1",""
"050257","0.88","SPP_1",""
"050261","0.94","SPP_1",""
"050262","0.97","SPP_1",""
"050272","0.94","SPP_1",""
"050276","0.91","SPP_1",""
"050277","1.18","SPP_1",""
"050278","1.05","SPP_1",""
"050279","0.9","SPP_1",""
"050280","0.99","SPP_1",""
"050281","1.19","SPP_1",""
"050283","0.99","SPP_1",""
"050289","1","SPP_1",""
"050290","0.94","SPP_1",""
"050291","0.96","SPP_1",""
"050292","0.91","SPP_1",""
"050295","1.04","SPP_1",""
"050296","0.93","SPP_1",""
"050298","0.91","SPP_1",""
"050300","0.93","SPP_1",""
"050301","0.86","SPP_1",""
"050305","0.98","SPP_1",""
"050308","1","SPP_1",""
"050309","0.93","SPP_1",""
"050313","0.99","SPP_1",""
"050315","0.87","SPP_1",""
"050320","0.98","SPP_1",""
"050324","0.98","SPP_1",""
"050327","0.96","SPP_1",""
"050329","1.08","SPP_1",""
"050334","0.98","SPP_1",""
"050335","0.83","SPP_1",""
"050336","1.03","SPP_1",""
"050342","0.92","SPP_1",""
"050348","1.03","SPP_1",""
"050349","0.75","SPP_1",""
"050350","1.07","SPP_1",""
"050351","0.98","SPP_1",""
"050352","0.86","SPP_1",""
"050353","0.98","SPP_1",""
"050357","0.94","SPP_1",""
"050359","0.95","SPP_1",""
"050360","1.02","SPP_1",""
"050367","0.96","SPP_1",""
"050373","0.92","SPP_1",""
"050376","0.91","SPP_1",""
"050378","1.21","SPP_1",""
"050380","1","SPP_1",""
"050382","1.09","SPP_1",""
"050385","0.94","SPP_1",""
"050390","1","SPP_1",""
"050393","1.09","SPP_1",""
"050394","0.94","SPP_1",""
"050396","0.96","SPP_1",""
"050397","0.6","SPP_1",""
"050407","0.94","SPP_1",""
"050411","0.74","SPP_1",""
"050414","0.91","SPP_1",""
"050417","0.86","SPP_1",""
"050423","0.88","SPP_1",""
"050424","0.93","SPP_1",""
"050425","0.82","SPP_1",""
"050426","1.07","SPP_1",""
"050434","0.8","SPP_1",""
"050435","0.9","SPP_1",""
"050438","0.97","SPP_1",""
"050441","0.97","SPP_1",""
"050444","0.95","SPP_1",""
"050448","0.91","SPP_1",""
"050454","0.98","SPP_1",""
"050455","1.02","SPP_1",""
"050457","0.95","SPP_1",""
"050464","0.97","SPP_1",""
"050468","1.29","SPP_1",""
"050471","0.99","SPP_1",""
"050481","1.1","SPP_1",""
"050485","1.05","SPP_1",""
"050488","0.95","SPP_1",""
"050492","1.09","SPP_1",""
"050496","1.02","SPP_1",""
"050498","0.89","SPP_1",""
"050502","1.01","SPP_1",""
"050503","1.02","SPP_1",""
"050506","0.99","SPP_1",""
"050510","0.8","SPP_1",""
"050512","0.78","SPP_1",""
"050515","0.67","SPP_1",""
"050516","0.95","SPP_1",""
"050517","0.92","SPP_1",""
"050523","0.99","SPP_1",""
"050526","1.1","SPP_1",""
"050528","0.9","SPP_1",""
"050531","1.21","SPP_1",""
"050534","0.99","SPP_1",""
"050537","0.88","SPP_1",""
"050541","0.88","SPP_1",""
"050543","1.17","SPP_1",""
"050547","0.6","SPP_1",""
"050549","0.99","SPP_1",""
"050551","1.1","SPP_1",""
"050552","0.78","SPP_1",""
"050557","0.97","SPP_1",""
"050561","0.78","SPP_1",""
"050567","0.99","SPP_1",""
"050568","1.02","SPP_1",""
"050570","1.13","SPP_1",""
"050573","0.98","SPP_1",""
"050575","1.34","SPP_1",""
"050580","1.12","SPP_1",""
"050581","1.17","SPP_1",""
"050586","0.95","SPP_1",""
"050588","1.08","SPP_1",""
"050589","1.04","SPP_1",""
"050590","0.92","SPP_1",""
"050597","1.1","SPP_1",""
"050599","0.93","SPP_1",""
"050603","1.02","SPP_1",""
"050604","0.88","SPP_1",""
"050608","0.97","SPP_1",""
"050609","0.95","SPP_1",""
"050616","1","SPP_1",""
"050618","1.11","SPP_1",""
"050624","1.01","SPP_1",""
"050625","1.02","SPP_1",""
"050633","0.95","SPP_1",""
"050636","0.94","SPP_1",""
"050641","0.96","SPP_1",""
"050644","1.53","SPP_1",""
"050663","1.32","SPP_1",""
"050668","Not Available","SPP_1","16"
"050674","0.76","SPP_1",""
"050677","0.71","SPP_1",""
"050678","1","SPP_1",""
"050684","1.01","SPP_1",""
"050686","0.73","SPP_1",""
"050688","1.02","SPP_1",""
"050689","0.99","SPP_1",""
"050690","0.75","SPP_1",""
"050696","0.98","SPP_1",""
"050697","0.76","SPP_1",""
"050701","0.99","SPP_1",""
"050704","1.16","SPP_1",""
"050708","0.84","SPP_1",""
"050709","0.86","SPP_1",""
"050710","Not Available","SPP_1","16"
"050714","0.81","SPP_1",""
"050717","1.33","SPP_1",""
"050723","0.81","SPP_1",""
"050724","0.97","SPP_1",""
"050726","0.89","SPP_1",""
"050727","Not Available","SPP_1","16"
"050732","0.93","SPP_1",""
"050735","1.3","SPP_1",""
"050736","1.01","SPP_1",""
"050737","1.08","SPP_1",""
"050738","1.25","SPP_1",""
"050739","0.98","SPP_1",""
"050740","0.99","SPP_1",""
"050742","1.13","SPP_1",""
"050744","1.16","SPP_1",""
"050745","1.1","SPP_1",""
"050746","1.06","SPP_1",""
"050747","1.17","SPP_1",""
"050748","1.01","SPP_1",""
"050749","0.93","SPP_1",""
"050751","Not Available","SPP_1","16"
"050752","1.19","SPP_1",""
"050754","Not Available","SPP_1","16"
"050755","1.1","SPP_1",""
"050757","1.04","SPP_1",""
"050758","0.98","SPP_1",""
"050760","0.7","SPP_1",""
"050761","1.03","SPP_1",""
"050763","1.33","SPP_1",""
"050764","0.92","SPP_1",""
"050765","0.97","SPP_1",""
"050766","0.89","SPP_1",""
"050767","Not Available","SPP_1","16"
"050768","1.34","SPP_1",""
"050769","0.92","SPP_1",""
"050770","0.93","SPP_1",""
"050771","1.12","SPP_1",""
"050772","Not Available","SPP_1","16"
"060001","0.98","SPP_1",""
"060003","0.98","SPP_1",""
"060004","1.07","SPP_1",""
"060006","0.95","SPP_1",""
"060008","0.99","SPP_1",""
"060009","1","SPP_1",""
"060010","0.97","SPP_1",""
"060011","0.9","SPP_1",""
"060012","1","SPP_1",""
"060013","0.94","SPP_1",""
"060014","1.02","SPP_1",""
"060015","0.98","SPP_1",""
"060016","0.94","SPP_1",""
"060020","0.95","SPP_1",""
"060022","1.01","SPP_1",""
"060023","0.98","SPP_1",""
"060024","0.94","SPP_1",""
"060027","0.96","SPP_1",""
"060028","1.09","SPP_1",""
"060030","0.96","SPP_1",""
"060031","1.02","SPP_1",""
"060032","0.97","SPP_1",""
"060034","1.02","SPP_1",""
"060036","0.9","SPP_1",""
"060043","Not Available","SPP_1","16"
"060044","1.02","SPP_1",""
"060049","0.91","SPP_1",""
"060054","0.92","SPP_1",""
"060064","0.99","SPP_1",""
"060065","1.02","SPP_1",""
"060071","0.95","SPP_1",""
"060075","0.95","SPP_1",""
"060076","1","SPP_1",""
"060096","0.97","SPP_1",""
"060100","1.04","SPP_1",""
"060103","0.95","SPP_1",""
"060104","1","SPP_1",""
"060112","0.93","SPP_1",""
"060113","1.02","SPP_1",""
"060114","0.96","SPP_1",""
"060116","0.99","SPP_1",""
"060117","1.02","SPP_1",""
"060118","0.97","SPP_1",""
"060119","1.07","SPP_1",""
"060124","0.92","SPP_1",""
"070001","1.05","SPP_1",""
"070002","1.05","SPP_1",""
"070003","1.05","SPP_1",""
"070004","0.99","SPP_1",""
"070005","0.99","SPP_1",""
"070006","1.07","SPP_1",""
"070007","1.03","SPP_1",""
"070008","1.06","SPP_1",""
"070010","1.04","SPP_1",""
"070011","0.98","SPP_1",""
"070012","1.07","SPP_1",""
"070015","1.01","SPP_1",""
"070016","1","SPP_1",""
"070017","1.05","SPP_1",""
"070018","1.02","SPP_1",""
"070019","1.02","SPP_1",""
"070020","1","SPP_1",""
"070021","1.01","SPP_1",""
"070022","1","SPP_1",""
"070024","1","SPP_1",""
"070025","1","SPP_1",""
"070027","1.07","SPP_1",""
"070028","1.05","SPP_1",""
"070029","1.06","SPP_1",""
"070031","1.03","SPP_1",""
"070033","1.03","SPP_1",""
"070034","1","SPP_1",""
"070035","0.99","SPP_1",""
"070036","0.97","SPP_1",""
"070039","0.95","SPP_1",""
"070040","0.89","SPP_1",""
"080001","1.02","SPP_1",""
"080003","0.97","SPP_1",""
"080004","1.02","SPP_1",""
"080006","1","SPP_1",""
"080007","0.96","SPP_1",""
"080009","0.95","SPP_1",""
"090001","1.03","SPP_1",""
"090003","0.89","SPP_1",""
"090004","1.03","SPP_1",""
"090005","0.96","SPP_1",""
"090006","1","SPP_1",""
"090008","1.04","SPP_1",""
"090011","0.99","SPP_1",""
"100001","1","SPP_1",""
"100002","1.12","SPP_1",""
"100006","1.03","SPP_1",""
"100007","1.06","SPP_1",""
"100008","1.04","SPP_1",""
"100009","1.09","SPP_1",""
"100012","1.01","SPP_1",""
"100014","1.02","SPP_1",""
"100017","1.06","SPP_1",""
"100018","1.03","SPP_1",""
"100019","1.09","SPP_1",""
"100022","1.05","SPP_1",""
"100023","1.06","SPP_1",""
"100025","1.02","SPP_1",""
"100026","1.04","SPP_1",""
"100028","1.03","SPP_1",""
"100029","1.18","SPP_1",""
"100030","1.06","SPP_1",""
"100032","1.15","SPP_1",""
"100034","1.11","SPP_1",""
"100035","1.11","SPP_1",""
"100038","1.07","SPP_1",""
"100039","1.01","SPP_1",""
"100040","1.04","SPP_1",""
"100043","1.1","SPP_1",""
"100044","1.04","SPP_1",""
"100045","1.02","SPP_1",""
"100046","1","SPP_1",""
"100047","1.03","SPP_1",""
"100048","0.93","SPP_1",""
"100049","1.06","SPP_1",""
"100050","1.11","SPP_1",""
"100051","1.03","SPP_1",""
"100052","1.1","SPP_1",""
"100053","1.11","SPP_1",""
"100054","0.95","SPP_1",""
"100055","1.09","SPP_1",""
"100057","1.03","SPP_1",""
"100062","1.01","SPP_1",""
"100063","1.11","SPP_1",""
"100067","1.05","SPP_1",""
"100068","1.03","SPP_1",""
"100069","1.07","SPP_1",""
"100070","1.05","SPP_1",""
"100071","1.06","SPP_1",""
"100072","1.02","SPP_1",""
"100073","1.07","SPP_1",""
"100075","1.06","SPP_1",""
"100076","1.08","SPP_1",""
"100077","1.04","SPP_1",""
"100080","1.06","SPP_1",""
"100081","1.07","SPP_1",""
"100084","1.05","SPP_1",""
"100086","1.08","SPP_1",""
"100087","1.1","SPP_1",""
"100088","1.11","SPP_1",""
"100090","1.05","SPP_1",""
"100092","1.06","SPP_1",""
"100093","1.01","SPP_1",""
"100099","0.99","SPP_1",""
"100102","1.03","SPP_1",""
"100105","1.03","SPP_1",""
"100106","0.97","SPP_1",""
"100107","1.07","SPP_1",""
"100109","1.05","SPP_1",""
"100110","1.04","SPP_1",""
"100113","1","SPP_1",""
"100117","1.16","SPP_1",""
"100118","1.01","SPP_1",""
"100121","1","SPP_1",""
"100122","1.03","SPP_1",""
"100124","1.02","SPP_1",""
"100125","1.08","SPP_1",""
"100126","1.15","SPP_1",""
"100127","1.07","SPP_1",""
"100128","1.03","SPP_1",""
"100130","0.95","SPP_1",""
"100131","1.14","SPP_1",""
"100132","1.07","SPP_1",""
"100135","1.05","SPP_1",""
"100137","1.06","SPP_1",""
"100139","0.99","SPP_1",""
"100140","0.91","SPP_1",""
"100142","1.04","SPP_1",""
"100150","0.9","SPP_1",""
"100151","0.98","SPP_1",""
"100154","1.02","SPP_1",""
"100156","1.08","SPP_1",""
"100157","1.03","SPP_1",""
"100161","0.99","SPP_1",""
"100166","1.09","SPP_1",""
"100167","1.02","SPP_1",""
"100168","1.07","SPP_1",""
"100173","1.09","SPP_1",""
"100175","1.05","SPP_1",""
"100176","1.09","SPP_1",""
"100177","1.06","SPP_1",""
"100179","1.14","SPP_1",""
"100180","1.11","SPP_1",""
"100181","1.1","SPP_1",""
"100183","1.11","SPP_1",""
"100187","1.14","SPP_1",""
"100189","1.12","SPP_1",""
"100191","1.1","SPP_1",""
"100200","1.06","SPP_1",""
"100204","1","SPP_1",""
"100206","1.05","SPP_1",""
"100209","1","SPP_1",""
"100211","1.03","SPP_1",""
"100212","1.03","SPP_1",""
"100213","1.11","SPP_1",""
"100217","1.01","SPP_1",""
"100220","1.05","SPP_1",""
"100223","1.01","SPP_1",""
"100224","1.15","SPP_1",""
"100226","1.13","SPP_1",""
"100228","1.12","SPP_1",""
"100230","0.98","SPP_1",""
"100231","1.03","SPP_1",""
"100232","1.07","SPP_1",""
"100234","1.17","SPP_1",""
"100236","1.05","SPP_1",""
"100238","1.09","SPP_1",""
"100239","1.07","SPP_1",""
"100240","Not Available","SPP_1","16"
"100242","1.09","SPP_1",""
"100243","1.03","SPP_1",""
"100244","1.03","SPP_1",""
"100246","1.08","SPP_1",""
"100248","1.11","SPP_1",""
"100249","1.07","SPP_1",""
"100252","1.09","SPP_1",""
"100253","1.01","SPP_1",""
"100254","1.09","SPP_1",""
"100255","1.06","SPP_1",""
"100256","1.07","SPP_1",""
"100258","1.13","SPP_1",""
"100259","1.08","SPP_1",""
"100260","1.09","SPP_1",""
"100264","1.05","SPP_1",""
"100265","1.1","SPP_1",""
"100266","1","SPP_1",""
"100267","1.02","SPP_1",""
"100268","1.17","SPP_1",""
"100269","1.1","SPP_1",""
"100275","1.12","SPP_1",""
"100276","1.09","SPP_1",""
"100277","1.13","SPP_1",""
"100281","1.04","SPP_1",""
"100284","1.08","SPP_1",""
"100285","0.96","SPP_1",""
"100286","1.03","SPP_1",""
"100287","1.05","SPP_1",""
"100288","1.1","SPP_1",""
"100289","1","SPP_1",""
"100290","1.02","SPP_1",""
"100291","1.1","SPP_1",""
"100292","1.01","SPP_1",""
"100296","1.07","SPP_1",""
"100299","1.11","SPP_1",""
"100302","1.1","SPP_1",""
"100307","1.09","SPP_1",""
"100313","1.06","SPP_1",""
"100314","1","SPP_1",""
"100315","1.01","SPP_1",""
"100316","1.14","SPP_1",""
"110001","0.95","SPP_1",""
"110002","0.96","SPP_1",""
"110003","1","SPP_1",""
"110004","0.91","SPP_1",""
"110005","0.99","SPP_1",""
"110006","0.92","SPP_1",""
"110007","0.97","SPP_1",""
"110008","1.05","SPP_1",""
"110010","0.94","SPP_1",""
"110011","0.93","SPP_1",""
"110015","0.93","SPP_1",""
"110016","0.93","SPP_1",""
"110018","1","SPP_1",""
"110023","0.93","SPP_1",""
"110024","1.06","SPP_1",""
"110025","0.96","SPP_1",""
"110026","0.9","SPP_1",""
"110027","0.88","SPP_1",""
"110028","0.98","SPP_1",""
"110029","0.91","SPP_1",""
"110030","0.94","SPP_1",""
"110031","1.01","SPP_1",""
"110032","0.99","SPP_1",""
"110034","0.99","SPP_1",""
"110035","0.98","SPP_1",""
"110036","0.97","SPP_1",""
"110038","1.01","SPP_1",""
"110039","1","SPP_1",""
"110040","0.86","SPP_1",""
"110041","0.88","SPP_1",""
"110042","0.85","SPP_1",""
"110043","0.97","SPP_1",""
"110044","0.96","SPP_1",""
"110045","0.89","SPP_1",""
"110046","0.95","SPP_1",""
"110050","0.84","SPP_1",""
"110051","0.82","SPP_1",""
"110054","1","SPP_1",""
"110064","1.07","SPP_1",""
"110069","0.96","SPP_1",""
"110071","0.87","SPP_1",""
"110073","0.93","SPP_1",""
"110074","0.95","SPP_1",""
"110075","0.97","SPP_1",""
"110076","1.03","SPP_1",""
"110078","0.94","SPP_1",""
"110079","0.9","SPP_1",""
"110082","0.96","SPP_1",""
"110083","0.95","SPP_1",""
"110086","0.78","SPP_1",""
"110087","0.99","SPP_1",""
"110089","0.87","SPP_1",""
"110091","0.98","SPP_1",""
"110092","0.99","SPP_1",""
"110095","0.9","SPP_1",""
"110100","0.79","SPP_1",""
"110101","0.8","SPP_1",""
"110104","0.86","SPP_1",""
"110105","0.94","SPP_1",""
"110107","0.96","SPP_1",""
"110109","0.92","SPP_1",""
"110111","0.96","SPP_1",""
"110112","0.94","SPP_1",""
"110113","0.87","SPP_1",""
"110115","0.99","SPP_1",""
"110121","0.94","SPP_1",""
"110122","0.94","SPP_1",""
"110124","0.98","SPP_1",""
"110125","0.96","SPP_1",""
"110128","0.98","SPP_1",""
"110129","1.01","SPP_1",""
"110130","0.9","SPP_1",""
"110132","0.9","SPP_1",""
"110135","0.91","SPP_1",""
"110142","0.76","SPP_1",""
"110143","0.99","SPP_1",""
"110146","0.9","SPP_1",""
"110150","0.96","SPP_1",""
"110153","0.9","SPP_1",""
"110161","1.01","SPP_1",""
"110163","1.03","SPP_1",""
"110164","0.99","SPP_1",""
"110165","1.04","SPP_1",""
"110168","0.95","SPP_1",""
"110177","1","SPP_1",""
"110183","0.99","SPP_1",""
"110184","0.96","SPP_1",""
"110186","1","SPP_1",""
"110187","0.89","SPP_1",""
"110189","0.95","SPP_1",""
"110190","0.94","SPP_1",""
"110191","0.98","SPP_1",""
"110192","1","SPP_1",""
"110194","0.83","SPP_1",""
"110198","1.03","SPP_1",""
"110200","0.96","SPP_1",""
"110201","1","SPP_1",""
"110203","1.09","SPP_1",""
"110205","1.02","SPP_1",""
"110209","1.26","SPP_1",""
"110215","0.96","SPP_1",""
"110219","1.04","SPP_1",""
"110225","0.96","SPP_1",""
"110226","0.96","SPP_1",""
"110229","0.91","SPP_1",""
"110230","0.98","SPP_1",""
"120001","0.86","SPP_1",""
"120002","0.89","SPP_1",""
"120004","0.88","SPP_1",""
"120005","0.86","SPP_1",""
"120006","0.87","SPP_1",""
"120007","0.94","SPP_1",""
"120011","0.74","SPP_1",""
"120014","0.82","SPP_1",""
"120019","0.92","SPP_1",""
"120022","0.93","SPP_1",""
"120026","0.91","SPP_1",""
"120028","0.92","SPP_1",""
"130002","0.99","SPP_1",""
"130003","0.91","SPP_1",""
"130006","0.97","SPP_1",""
"130007","0.95","SPP_1",""
"130013","0.94","SPP_1",""
"130014","0.94","SPP_1",""
"130018","0.98","SPP_1",""
"130025","0.89","SPP_1",""
"130028","0.94","SPP_1",""
"130049","0.97","SPP_1",""
"130063","0.99","SPP_1",""
"130065","0.86","SPP_1",""
"130066","0.97","SPP_1",""
"140001","0.92","SPP_1",""
"140002","0.89","SPP_1",""
"140007","1.04","SPP_1",""
"140008","1.06","SPP_1",""
"140010","1.02","SPP_1",""
"140011","1.01","SPP_1",""
"140012","0.9","SPP_1",""
"140013","0.95","SPP_1",""
"140015","0.95","SPP_1",""
"140018","0.98","SPP_1",""
"140019","0.99","SPP_1",""
"140026","0.88","SPP_1",""
"140029","1.1","SPP_1",""
"140030","1.05","SPP_1",""
"140032","0.92","SPP_1",""
"140034","0.97","SPP_1",""
"140040","1.04","SPP_1",""
"140043","0.96","SPP_1",""
"140046","0.94","SPP_1",""
"140048","1.04","SPP_1",""
"140049","0.97","SPP_1",""
"140051","1.1","SPP_1",""
"140052","1","SPP_1",""
"140053","0.95","SPP_1",""
"140054","1.02","SPP_1",""
"140058","0.95","SPP_1",""
"140059","1.06","SPP_1",""
"140062","1.02","SPP_1",""
"140063","1.02","SPP_1",""
"140064","1","SPP_1",""
"140065","1.04","SPP_1",""
"140067","0.96","SPP_1",""
"140068","0.99","SPP_1",""
"140077","0.93","SPP_1",""
"140080","1.09","SPP_1",""
"140082","1.04","SPP_1",""
"140083","1.1","SPP_1",""
"140084","1.05","SPP_1",""
"140088","1.01","SPP_1",""
"140089","0.92","SPP_1",""
"140091","0.95","SPP_1",""
"140093","0.98","SPP_1",""
"140095","1.02","SPP_1",""
"140100","1.22","SPP_1",""
"140101","1.07","SPP_1",""
"140103","1.05","SPP_1",""
"140110","0.98","SPP_1",""
"140113","0.96","SPP_1",""
"140114","1.06","SPP_1",""
"140115","1.07","SPP_1",""
"140116","1.02","SPP_1",""
"140117","1.14","SPP_1",""
"140118","1.04","SPP_1",""
"140119","0.96","SPP_1",""
"140120","0.95","SPP_1",""
"140122","1.05","SPP_1",""
"140124","0.82","SPP_1",""
"140125","0.97","SPP_1",""
"140127","0.96","SPP_1",""
"140130","1.02","SPP_1",""
"140133","1.12","SPP_1",""
"140135","0.95","SPP_1",""
"140137","0.97","SPP_1",""
"140143","0.98","SPP_1",""
"140145","0.98","SPP_1",""
"140147","1.01","SPP_1",""
"140148","0.95","SPP_1",""
"140150","0.98","SPP_1",""
"140151","1.01","SPP_1",""
"140155","0.98","SPP_1",""
"140158","0.95","SPP_1",""
"140160","0.96","SPP_1",""
"140161","1.05","SPP_1",""
"140162","0.93","SPP_1",""
"140164","0.96","SPP_1",""
"140166","0.96","SPP_1",""
"140167","0.87","SPP_1",""
"140172","1","SPP_1",""
"140174","0.98","SPP_1",""
"140176","1.01","SPP_1",""
"140177","0.99","SPP_1",""
"140179","1.05","SPP_1",""
"140180","1.02","SPP_1",""
"140181","1.06","SPP_1",""
"140182","1.03","SPP_1",""
"140184","0.99","SPP_1",""
"140185","0.94","SPP_1",""
"140186","0.98","SPP_1",""
"140187","0.96","SPP_1",""
"140189","0.98","SPP_1",""
"140191","1.01","SPP_1",""
"140197","0.99","SPP_1",""
"140200","1.05","SPP_1",""
"140202","1.04","SPP_1",""
"140206","1.02","SPP_1",""
"140208","1.04","SPP_1",""
"140209","1.02","SPP_1",""
"140210","0.92","SPP_1",""
"140211","1.04","SPP_1",""
"140213","1.04","SPP_1",""
"140217","1.11","SPP_1",""
"140223","1.07","SPP_1",""
"140224","1.04","SPP_1",""
"140228","1.01","SPP_1",""
"140231","1.03","SPP_1",""
"140233","1.05","SPP_1",""
"140234","0.94","SPP_1",""
"140239","0.99","SPP_1",""
"140240","1.08","SPP_1",""
"140242","1.03","SPP_1",""
"140250","0.97","SPP_1",""
"140251","1.08","SPP_1",""
"140252","1.07","SPP_1",""
"140258","1.06","SPP_1",""
"140275","0.97","SPP_1",""
"140276","0.98","SPP_1",""
"140280","0.97","SPP_1",""
"140281","1","SPP_1",""
"140286","0.99","SPP_1",""
"140288","1.08","SPP_1",""
"140289","0.96","SPP_1",""
"140290","1.07","SPP_1",""
"140291","1.03","SPP_1",""
"140292","1.06","SPP_1",""
"140294","1.03","SPP_1",""
"140300","0.7","SPP_1",""
"140304","1.04","SPP_1",""
"150001","1.01","SPP_1",""
"150002","1.09","SPP_1",""
"150003","0.99","SPP_1",""
"150004","1.06","SPP_1",""
"150005","0.97","SPP_1",""
"150006","1.03","SPP_1",""
"150007","1.09","SPP_1",""
"150008","1.09","SPP_1",""
"150009","0.98","SPP_1",""
"150010","1.09","SPP_1",""
"150011","1.02","SPP_1",""
"150012","0.99","SPP_1",""
"150015","0.98","SPP_1",""
"150017","1.02","SPP_1",""
"150018","0.98","SPP_1",""
"150021","0.99","SPP_1",""
"150022","0.96","SPP_1",""
"150023","1.03","SPP_1",""
"150024","0.95","SPP_1",""
"150026","1.03","SPP_1",""
"150030","1.02","SPP_1",""
"150034","1.02","SPP_1",""
"150035","1.07","SPP_1",""
"150037","1.02","SPP_1",""
"150038","1.06","SPP_1",""
"150042","1.01","SPP_1",""
"150044","1.01","SPP_1",""
"150045","1.03","SPP_1",""
"150046","1.08","SPP_1",""
"150047","1.01","SPP_1",""
"150048","1.02","SPP_1",""
"150051","1.03","SPP_1",""
"150056","1.02","SPP_1",""
"150057","0.95","SPP_1",""
"150058","0.98","SPP_1",""
"150059","1.09","SPP_1",""
"150061","1.14","SPP_1",""
"150064","0.95","SPP_1",""
"150065","0.95","SPP_1",""
"150069","0.93","SPP_1",""
"150072","1.12","SPP_1",""
"150074","1.01","SPP_1",""
"150075","0.9","SPP_1",""
"150076","1.01","SPP_1",""
"150082","1.05","SPP_1",""
"150084","1.03","SPP_1",""
"150086","0.98","SPP_1",""
"150088","1.03","SPP_1",""
"150089","1.02","SPP_1",""
"150090","1.02","SPP_1",""
"150091","0.92","SPP_1",""
"150097","1.03","SPP_1",""
"150100","1.01","SPP_1",""
"150101","0.93","SPP_1",""
"150102","0.92","SPP_1",""
"150104","1.01","SPP_1",""
"150109","1","SPP_1",""
"150112","0.97","SPP_1",""
"150113","0.98","SPP_1",""
"150115","0.97","SPP_1",""
"150125","1.05","SPP_1",""
"150126","1.01","SPP_1",""
"150128","1.01","SPP_1",""
"150129","1.08","SPP_1",""
"150133","1.05","SPP_1",""
"150146","0.94","SPP_1",""
"150149","Not Available","SPP_1","16"
"150150","1.01","SPP_1",""
"150153","0.99","SPP_1",""
"150154","0.99","SPP_1",""
"150157","0.99","SPP_1",""
"150158","1.01","SPP_1",""
"150160","0.88","SPP_1",""
"150161","1.04","SPP_1",""
"150162","1.01","SPP_1",""
"150163","1.13","SPP_1",""
"150164","1.05","SPP_1",""
"150165","0.97","SPP_1",""
"150166","1.01","SPP_1",""
"150167","0.97","SPP_1",""
"150168","0.98","SPP_1",""
"150169","1.02","SPP_1",""
"150172","1.01","SPP_1",""
"150173","1.07","SPP_1",""
"150175","0.95","SPP_1",""
"150176","1","SPP_1",""
"150177","1.27","SPP_1",""
"160001","0.9","SPP_1",""
"160005","0.96","SPP_1",""
"160008","0.92","SPP_1",""
"160013","0.89","SPP_1",""
"160016","0.88","SPP_1",""
"160024","0.88","SPP_1",""
"160028","0.94","SPP_1",""
"160029","0.84","SPP_1",""
"160030","0.92","SPP_1",""
"160032","0.86","SPP_1",""
"160033","0.93","SPP_1",""
"160040","0.94","SPP_1",""
"160045","0.91","SPP_1",""
"160047","0.9","SPP_1",""
"160057","0.86","SPP_1",""
"160058","1.01","SPP_1",""
"160064","0.93","SPP_1",""
"160067","0.97","SPP_1",""
"160069","0.93","SPP_1",""
"160079","0.92","SPP_1",""
"160080","1","SPP_1",""
"160082","0.93","SPP_1",""
"160083","0.93","SPP_1",""
"160089","0.92","SPP_1",""
"160101","0.85","SPP_1",""
"160104","0.88","SPP_1",""
"160110","0.92","SPP_1",""
"160112","0.84","SPP_1",""
"160117","1","SPP_1",""
"160122","0.81","SPP_1",""
"160124","0.91","SPP_1",""
"160146","0.92","SPP_1",""
"160147","0.86","SPP_1",""
"160153","0.97","SPP_1",""
"170001","0.92","SPP_1",""
"170006","0.92","SPP_1",""
"170009","0.98","SPP_1",""
"170010","0.93","SPP_1",""
"170012","1.04","SPP_1",""
"170013","1.04","SPP_1",""
"170014","0.95","SPP_1",""
"170016","0.99","SPP_1",""
"170017","0.93","SPP_1",""
"170020","1.01","SPP_1",""
"170023","0.94","SPP_1",""
"170027","0.94","SPP_1",""
"170039","0.87","SPP_1",""
"170040","0.97","SPP_1",""
"170049","1","SPP_1",""
"170058","0.93","SPP_1",""
"170068","0.87","SPP_1",""
"170074","0.91","SPP_1",""
"170075","0.66","SPP_1",""
"170086","1.01","SPP_1",""
"170094","0.86","SPP_1",""
"170103","0.89","SPP_1",""
"170104","1.04","SPP_1",""
"170105","0.81","SPP_1",""
"170109","1.15","SPP_1",""
"170110","0.88","SPP_1",""
"170120","0.89","SPP_1",""
"170122","0.99","SPP_1",""
"170123","1.04","SPP_1",""
"170133","0.91","SPP_1",""
"170137","0.9","SPP_1",""
"170142","0.94","SPP_1",""
"170145","0.84","SPP_1",""
"170146","1.02","SPP_1",""
"170150","0.98","SPP_1",""
"170166","0.76","SPP_1",""
"170175","0.89","SPP_1",""
"170176","1.07","SPP_1",""
"170182","1.05","SPP_1",""
"170183","0.84","SPP_1",""
"170185","0.94","SPP_1",""
"170186","0.91","SPP_1",""
"170187","0.86","SPP_1",""
"170188","0.87","SPP_1",""
"170190","0.86","SPP_1",""
"170191","1.03","SPP_1",""
"170194","0.92","SPP_1",""
"170195","1.04","SPP_1",""
"170196","0.87","SPP_1",""
"170197","0.95","SPP_1",""
"170198","0.88","SPP_1",""
"170199","1.1","SPP_1",""
"170200","0.98","SPP_1",""
"180001","0.97","SPP_1",""
"180002","0.96","SPP_1",""
"180004","0.89","SPP_1",""
"180005","0.96","SPP_1",""
"180009","0.97","SPP_1",""
"180010","0.99","SPP_1",""
"180011","0.92","SPP_1",""
"180012","0.98","SPP_1",""
"180013","1.07","SPP_1",""
"180016","1.13","SPP_1",""
"180017","0.99","SPP_1",""
"180018","0.94","SPP_1",""
"180019","0.93","SPP_1",""
"180020","0.93","SPP_1",""
"180021","0.83","SPP_1",""
"180024","1.05","SPP_1",""
"180025","0.94","SPP_1",""
"180027","0.93","SPP_1",""
"180029","0.97","SPP_1",""
"180035","0.99","SPP_1",""
"180036","0.95","SPP_1",""
"180038","0.92","SPP_1",""
"180040","1","SPP_1",""
"180043","0.99","SPP_1",""
"180044","0.94","SPP_1",""
"180045","1.01","SPP_1",""
"180046","0.77","SPP_1",""
"180048","0.97","SPP_1",""
"180049","1.05","SPP_1",""
"180050","0.96","SPP_1",""
"180051","1","SPP_1",""
"180053","1","SPP_1",""
"180056","1.03","SPP_1",""
"180064","0.99","SPP_1",""
"180066","0.97","SPP_1",""
"180067","1.02","SPP_1",""
"180069","0.86","SPP_1",""
"180070","1.02","SPP_1",""
"180078","0.94","SPP_1",""
"180079","0.96","SPP_1",""
"180080","1","SPP_1",""
"180087","1.04","SPP_1",""
"180088","1.01","SPP_1",""
"180092","0.97","SPP_1",""
"180093","0.97","SPP_1",""
"180095","0.93","SPP_1",""
"180101","0.98","SPP_1",""
"180102","0.97","SPP_1",""
"180103","1.02","SPP_1",""
"180104","0.96","SPP_1",""
"180105","0.98","SPP_1",""
"180106","0.95","SPP_1",""
"180115","1.15","SPP_1",""
"180116","1.01","SPP_1",""
"180117","0.89","SPP_1",""
"180124","1.02","SPP_1",""
"180127","0.99","SPP_1",""
"180128","0.89","SPP_1",""
"180130","1.01","SPP_1",""
"180132","1","SPP_1",""
"180138","0.93","SPP_1",""
"180139","0.96","SPP_1",""
"180141","1.01","SPP_1",""
"180143","0.95","SPP_1",""
"180149","0.97","SPP_1",""
"190001","1.24","SPP_1",""
"190002","1.03","SPP_1",""
"190003","1.05","SPP_1",""
"190004","1.03","SPP_1",""
"190005","0.97","SPP_1",""
"190006","0.86","SPP_1",""
"190007","1.14","SPP_1",""
"190008","1.01","SPP_1",""
"190009","0.9","SPP_1",""
"190011","0.85","SPP_1",""
"190013","1.06","SPP_1",""
"190014","1.02","SPP_1",""
"190015","1.11","SPP_1",""
"190017","1.05","SPP_1",""
"190019","1.04","SPP_1",""
"190020","1.15","SPP_1",""
"190025","1.17","SPP_1",""
"190026","1.06","SPP_1",""
"190027","1.04","SPP_1",""
"190034","1.08","SPP_1",""
"190036","0.94","SPP_1",""
"190039","1.08","SPP_1",""
"190040","1.03","SPP_1",""
"190041","1.06","SPP_1",""
"190044","1.07","SPP_1",""
"190045","1.04","SPP_1",""
"190046","1.04","SPP_1",""
"190050","1.04","SPP_1",""
"190053","1.01","SPP_1",""
"190054","1.14","SPP_1",""
"190060","1.01","SPP_1",""
"190064","1.04","SPP_1",""
"190065","1.03","SPP_1",""
"190079","1.15","SPP_1",""
"190081","0.98","SPP_1",""
"190086","1.11","SPP_1",""
"190088","1.1","SPP_1",""
"190090","1.28","SPP_1",""
"190098","1.01","SPP_1",""
"190099","1.02","SPP_1",""
"190102","1.08","SPP_1",""
"190106","0.92","SPP_1",""
"190111","1.08","SPP_1",""
"190114","1.24","SPP_1",""
"190116","1.15","SPP_1",""
"190118","1.02","SPP_1",""
"190122","0.83","SPP_1",""
"190125","1.04","SPP_1",""
"190128","0.93","SPP_1",""
"190133","0.78","SPP_1",""
"190135","0.88","SPP_1",""
"190140","1.07","SPP_1",""
"190144","1.1","SPP_1",""
"190145","0.97","SPP_1",""
"190146","1","SPP_1",""
"190151","1.01","SPP_1",""
"190160","1.1","SPP_1",""
"190161","0.82","SPP_1",""
"190164","1.1","SPP_1",""
"190167","1.06","SPP_1",""
"190175","1.06","SPP_1",""
"190176","0.94","SPP_1",""
"190177","1.09","SPP_1",""
"190183","0.9","SPP_1",""
"190184","0.87","SPP_1",""
"190190","0.9","SPP_1",""
"190199","Not Available","SPP_1","16"
"190201","0.93","SPP_1",""
"190202","1.07","SPP_1",""
"190204","1.04","SPP_1",""
"190205","1.04","SPP_1",""
"190208","0.95","SPP_1",""
"190218","1.03","SPP_1",""
"190236","1.19","SPP_1",""
"190241","1.06","SPP_1",""
"190242","1.09","SPP_1",""
"190245","0.93","SPP_1",""
"190246","1.05","SPP_1",""
"190250","1","SPP_1",""
"190251","Not Available","SPP_1","16"
"190255","Not Available","SPP_1","16"
"190256","Not Available","SPP_1","16"
"190257","1.03","SPP_1",""
"190259","1.01","SPP_1",""
"190261","Not Available","SPP_1","16"
"190263","1","SPP_1",""
"190266","1.02","SPP_1",""
"190267","0.98","SPP_1",""
"190268","Not Available","SPP_1","16"
"190270","1.01","SPP_1",""
"190273","Not Available","SPP_1","16"
"190274","0.99","SPP_1",""
"190278","0.97","SPP_1",""
"190297","1","SPP_1",""
"190298","1","SPP_1",""
"190303","Not Available","SPP_1",""
"190307","Not Available","SPP_1","16"
"200001","1.01","SPP_1",""
"200002","1.07","SPP_1",""
"200008","1.01","SPP_1",""
"200009","1","SPP_1",""
"200018","0.86","SPP_1",""
"200019","0.96","SPP_1",""
"200020","0.96","SPP_1",""
"200021","0.91","SPP_1",""
"200024","0.96","SPP_1",""
"200025","0.91","SPP_1",""
"200031","0.88","SPP_1",""
"200033","1.02","SPP_1",""
"200034","0.97","SPP_1",""
"200037","0.96","SPP_1",""
"200039","0.99","SPP_1",""
"200040","0.94","SPP_1",""
"200041","0.96","SPP_1",""
"200050","0.95","SPP_1",""
"200052","0.84","SPP_1",""
"200063","0.94","SPP_1",""
"220001","1.05","SPP_1",""
"220002","1.08","SPP_1",""
"220008","1.1","SPP_1",""
"220010","1.05","SPP_1",""
"220011","1.08","SPP_1",""
"220012","1.01","SPP_1",""
"220015","1","SPP_1",""
"220016","1.03","SPP_1",""
"220017","1.04","SPP_1",""
"220019","1.03","SPP_1",""
"220020","1.02","SPP_1",""
"220024","1.03","SPP_1",""
"220029","1.09","SPP_1",""
"220030","1.05","SPP_1",""
"220031","1","SPP_1",""
"220033","1.06","SPP_1",""
"220035","1.02","SPP_1",""
"220036","1.01","SPP_1",""
"220046","1.03","SPP_1",""
"220049","1.11","SPP_1",""
"220050","1","SPP_1",""
"220051","0.97","SPP_1",""
"220052","1.02","SPP_1",""
"220058","1.12","SPP_1",""
"220060","1.04","SPP_1",""
"220062","0.89","SPP_1",""
"220063","0.99","SPP_1",""
"220065","1.12","SPP_1",""
"220066","1.07","SPP_1",""
"220067","1.15","SPP_1",""
"220070","1.06","SPP_1",""
"220071","1.02","SPP_1",""
"220073","1.11","SPP_1",""
"220074","1.04","SPP_1",""
"220075","1","SPP_1",""
"220077","1.05","SPP_1",""
"220080","1.07","SPP_1",""
"220082","1.05","SPP_1",""
"220083","1.04","SPP_1",""
"220084","1.03","SPP_1",""
"220086","1.04","SPP_1",""
"220088","1.01","SPP_1",""
"220090","1.04","SPP_1",""
"220095","0.98","SPP_1",""
"220098","1.11","SPP_1",""
"220100","1.1","SPP_1",""
"220101","1","SPP_1",""
"220105","1.04","SPP_1",""
"220108","1.01","SPP_1",""
"220110","1.01","SPP_1",""
"220111","1.07","SPP_1",""
"220116","1.03","SPP_1",""
"220119","1.02","SPP_1",""
"220126","1.02","SPP_1",""
"220135","1","SPP_1",""
"220163","1.07","SPP_1",""
"220171","1.01","SPP_1",""
"220174","1.1","SPP_1",""
"220175","1.03","SPP_1",""
"220176","1","SPP_1",""
"220177","0.82","SPP_1",""
"230002","1.04","SPP_1",""
"230003","0.86","SPP_1",""
"230004","0.98","SPP_1",""
"230005","0.94","SPP_1",""
"230013","1","SPP_1",""
"230015","0.93","SPP_1",""
"230017","0.95","SPP_1",""
"230019","0.99","SPP_1",""
"230020","1.02","SPP_1",""
"230021","0.94","SPP_1",""
"230022","0.92","SPP_1",""
"230024","1.04","SPP_1",""
"230029","1.01","SPP_1",""
"230030","1.01","SPP_1",""
"230031","0.94","SPP_1",""
"230035","0.87","SPP_1",""
"230036","0.99","SPP_1",""
"230037","0.97","SPP_1",""
"230038","1","SPP_1",""
"230040","0.86","SPP_1",""
"230041","1.02","SPP_1",""
"230046","1","SPP_1",""
"230047","1.03","SPP_1",""
"230053","0.99","SPP_1",""
"230054","0.95","SPP_1",""
"230055","0.96","SPP_1",""
"230058","0.87","SPP_1",""
"230059","0.97","SPP_1",""
"230066","0.98","SPP_1",""
"230069","0.96","SPP_1",""
"230070","0.98","SPP_1",""
"230071","1.08","SPP_1",""
"230072","0.94","SPP_1",""
"230075","0.98","SPP_1",""
"230077","1.01","SPP_1",""
"230078","0.92","SPP_1",""
"230080","0.94","SPP_1",""
"230081","0.9","SPP_1",""
"230085","0.93","SPP_1",""
"230089","1","SPP_1",""
"230092","0.96","SPP_1",""
"230093","0.87","SPP_1",""
"230095","1","SPP_1",""
"230096","0.92","SPP_1",""
"230097","0.92","SPP_1",""
"230099","1.04","SPP_1",""
"230100","0.91","SPP_1",""
"230101","0.95","SPP_1",""
"230104","0.99","SPP_1",""
"230105","0.93","SPP_1",""
"230106","0.92","SPP_1",""
"230108","0.87","SPP_1",""
"230110","0.86","SPP_1",""
"230117","0.94","SPP_1",""
"230118","0.88","SPP_1",""
"230121","1.01","SPP_1",""
"230130","1.02","SPP_1",""
"230132","0.98","SPP_1",""
"230133","0.92","SPP_1",""
"230141","0.96","SPP_1",""
"230142","1.03","SPP_1",""
"230146","1.05","SPP_1",""
"230151","1.08","SPP_1",""
"230156","0.99","SPP_1",""
"230165","1.02","SPP_1",""
"230167","0.93","SPP_1",""
"230174","1.01","SPP_1",""
"230176","1","SPP_1",""
"230180","0.91","SPP_1",""
"230193","0.9","SPP_1",""
"230195","1.03","SPP_1",""
"230197","0.94","SPP_1",""
"230207","1.03","SPP_1",""
"230208","0.99","SPP_1",""
"230216","0.94","SPP_1",""
"230217","0.93","SPP_1",""
"230222","0.92","SPP_1",""
"230227","0.97","SPP_1",""
"230230","1","SPP_1",""
"230236","0.95","SPP_1",""
"230239","0.87","SPP_1",""
"230241","0.98","SPP_1",""
"230244","1.12","SPP_1",""
"230254","1.05","SPP_1",""
"230259","0.93","SPP_1",""
"230264","Not Available","SPP_1","16"
"230269","0.99","SPP_1",""
"230270","1.07","SPP_1",""
"230273","0.99","SPP_1",""
"230275","0.67","SPP_1",""
"230277","1","SPP_1",""
"230279","0.72","SPP_1",""
"230297","0.98","SPP_1",""
"230301","1.03","SPP_1",""
"230302","1.01","SPP_1",""
"240001","0.93","SPP_1",""
"240002","1","SPP_1",""
"240004","0.93","SPP_1",""
"240006","0.9","SPP_1",""
"240010","0.95","SPP_1",""
"240014","0.85","SPP_1",""
"240018","0.86","SPP_1",""
"240019","0.95","SPP_1",""
"240020","0.88","SPP_1",""
"240022","0.95","SPP_1",""
"240030","0.91","SPP_1",""
"240036","0.91","SPP_1",""
"240038","0.93","SPP_1",""
"240040","0.85","SPP_1",""
"240043","0.88","SPP_1",""
"240044","0.87","SPP_1",""
"240047","0.98","SPP_1",""
"240050","0.92","SPP_1",""
"240052","0.92","SPP_1",""
"240053","0.93","SPP_1",""
"240056","0.93","SPP_1",""
"240057","0.94","SPP_1",""
"240059","0.8","SPP_1",""
"240061","0.93","SPP_1",""
"240063","0.96","SPP_1",""
"240064","0.94","SPP_1",""
"240066","0.88","SPP_1",""
"240069","0.84","SPP_1",""
"240071","0.85","SPP_1",""
"240075","0.85","SPP_1",""
"240076","0.88","SPP_1",""
"240078","0.96","SPP_1",""
"240080","0.97","SPP_1",""
"240084","0.88","SPP_1",""
"240088","0.87","SPP_1",""
"240093","0.91","SPP_1",""
"240100","0.87","SPP_1",""
"240101","0.91","SPP_1",""
"240104","0.89","SPP_1",""
"240106","0.95","SPP_1",""
"240115","0.91","SPP_1",""
"240117","0.91","SPP_1",""
"240132","0.92","SPP_1",""
"240141","0.82","SPP_1",""
"240166","0.8","SPP_1",""
"240187","0.86","SPP_1",""
"240196","Not Available","SPP_1","16"
"240206","Not Available","SPP_1","16"
"240207","0.95","SPP_1",""
"240210","0.91","SPP_1",""
"240213","0.89","SPP_1",""
"240214","0.86","SPP_1",""
"250001","1.05","SPP_1",""
"250002","0.97","SPP_1",""
"250004","0.97","SPP_1",""
"250006","0.98","SPP_1",""
"250007","0.98","SPP_1",""
"250009","0.97","SPP_1",""
"250010","0.9","SPP_1",""
"250012","1.07","SPP_1",""
"250015","0.95","SPP_1",""
"250017","0.88","SPP_1",""
"250018","Not Available","SPP_1","16"
"250019","1.02","SPP_1",""
"250020","0.93","SPP_1",""
"250025","0.95","SPP_1",""
"250027","0.82","SPP_1",""
"250031","1.11","SPP_1",""
"250034","0.95","SPP_1",""
"250036","0.94","SPP_1",""
"250038","1.03","SPP_1",""
"250040","1.04","SPP_1",""
"250042","0.98","SPP_1",""
"250043","0.75","SPP_1",""
"250044","1.07","SPP_1",""
"250048","0.98","SPP_1",""
"250049","0.95","SPP_1",""
"250050","0.98","SPP_1",""
"250051","0.98","SPP_1",""
"250057","1.03","SPP_1",""
"250058","0.93","SPP_1",""
"250059","0.92","SPP_1",""
"250060","1.09","SPP_1",""
"250061","0.74","SPP_1",""
"250067","1.04","SPP_1",""
"250069","1.09","SPP_1",""
"250072","1.04","SPP_1",""
"250077","0.93","SPP_1",""
"250078","1","SPP_1",""
"250079","0.95","SPP_1",""
"250081","0.97","SPP_1",""
"250082","1.01","SPP_1",""
"250084","1.13","SPP_1",""
"250085","0.97","SPP_1",""
"250093","1.01","SPP_1",""
"250094","0.97","SPP_1",""
"250095","0.99","SPP_1",""
"250096","1.08","SPP_1",""
"250097","1.01","SPP_1",""
"250099","1.03","SPP_1",""
"250100","1.02","SPP_1",""
"250102","1.01","SPP_1",""
"250104","1.01","SPP_1",""
"250117","1.07","SPP_1",""
"250122","1.07","SPP_1",""
"250123","1","SPP_1",""
"250124","1.04","SPP_1",""
"250126","0.94","SPP_1",""
"250128","0.98","SPP_1",""
"250134","0.56","SPP_1",""
"250136","0.98","SPP_1",""
"250138","1.04","SPP_1",""
"250141","0.98","SPP_1",""
"250151","1.08","SPP_1",""
"250152","Not Available","SPP_1","16"
"250162","1.1","SPP_1",""
"260001","0.92","SPP_1",""
"260004","0.7","SPP_1",""
"260005","0.97","SPP_1",""
"260006","0.98","SPP_1",""
"260009","0.84","SPP_1",""
"260011","0.95","SPP_1",""
"260015","0.96","SPP_1",""
"260017","0.98","SPP_1",""
"260020","0.97","SPP_1",""
"260022","0.93","SPP_1",""
"260023","0.99","SPP_1",""
"260024","0.89","SPP_1",""
"260025","0.92","SPP_1",""
"260027","1.01","SPP_1",""
"260032","0.99","SPP_1",""
"260034","0.93","SPP_1",""
"260040","0.95","SPP_1",""
"260047","0.96","SPP_1",""
"260048","0.9","SPP_1",""
"260050","1","SPP_1",""
"260052","0.97","SPP_1",""
"260057","1.03","SPP_1",""
"260059","0.84","SPP_1",""
"260061","0.86","SPP_1",""
"260062","0.97","SPP_1",""
"260064","0.95","SPP_1",""
"260065","0.97","SPP_1",""
"260068","0.95","SPP_1",""
"260070","0.85","SPP_1",""
"260074","1","SPP_1",""
"260077","0.99","SPP_1",""
"260078","0.9","SPP_1",""
"260080","0.92","SPP_1",""
"260081","0.95","SPP_1",""
"260085","1.06","SPP_1",""
"260091","0.99","SPP_1",""
"260094","0.98","SPP_1",""
"260095","1.02","SPP_1",""
"260096","0.94","SPP_1",""
"260097","0.9","SPP_1",""
"260102","0.85","SPP_1",""
"260104","1","SPP_1",""
"260105","1.04","SPP_1",""
"260108","0.95","SPP_1",""
"260110","0.97","SPP_1",""
"260113","1.03","SPP_1",""
"260115","0.92","SPP_1",""
"260116","1","SPP_1",""
"260119","1.02","SPP_1",""
"260137","0.95","SPP_1",""
"260138","1.01","SPP_1",""
"260141","0.97","SPP_1",""
"260142","0.89","SPP_1",""
"260147","0.78","SPP_1",""
"260160","1.07","SPP_1",""
"260162","0.93","SPP_1",""
"260163","0.93","SPP_1",""
"260175","0.93","SPP_1",""
"260176","1","SPP_1",""
"260177","0.96","SPP_1",""
"260179","0.94","SPP_1",""
"260180","0.97","SPP_1",""
"260183","1.01","SPP_1",""
"260186","0.96","SPP_1",""
"260190","1.02","SPP_1",""
"260191","0.94","SPP_1",""
"260193","1.04","SPP_1",""
"260195","0.96","SPP_1",""
"260200","0.95","SPP_1",""
"260207","1.08","SPP_1",""
"260209","0.89","SPP_1",""
"260210","1.05","SPP_1",""
"260211","Not Available","SPP_1","16"
"260214","1.01","SPP_1",""
"260216","0.98","SPP_1",""
"260219","0.95","SPP_1",""
"270003","0.9","SPP_1",""
"270004","0.91","SPP_1",""
"270012","0.97","SPP_1",""
"270014","0.89","SPP_1",""
"270017","0.92","SPP_1",""
"270023","0.88","SPP_1",""
"270032","0.85","SPP_1",""
"270049","0.94","SPP_1",""
"270051","0.96","SPP_1",""
"270057","0.92","SPP_1",""
"270074","0.69","SPP_1",""
"270086","0.82","SPP_1",""
"270087","0.81","SPP_1",""
"280003","1.01","SPP_1",""
"280009","0.95","SPP_1",""
"280013","1","SPP_1",""
"280020","1","SPP_1",""
"280023","0.97","SPP_1",""
"280030","1.07","SPP_1",""
"280032","0.93","SPP_1",""
"280040","1.03","SPP_1",""
"280060","1","SPP_1",""
"280061","0.95","SPP_1",""
"280065","0.93","SPP_1",""
"280077","1.03","SPP_1",""
"280081","1.02","SPP_1",""
"280105","1.03","SPP_1",""
"280111","1","SPP_1",""
"280125","0.99","SPP_1",""
"280127","0.9","SPP_1",""
"280128","0.96","SPP_1",""
"280129","0.97","SPP_1",""
"280130","1.02","SPP_1",""
"280131","0.89","SPP_1",""
"280132","1.04","SPP_1",""
"280133","1.08","SPP_1",""
"290001","1.01","SPP_1",""
"290002","0.76","SPP_1",""
"290003","1.14","SPP_1",""
"290005","1.25","SPP_1",""
"290006","0.95","SPP_1",""
"290007","1.07","SPP_1",""
"290008","0.96","SPP_1",""
"290009","0.95","SPP_1",""
"290012","1.16","SPP_1",""
"290019","0.96","SPP_1",""
"290020","Not Available","SPP_1","16"
"290021","1.13","SPP_1",""
"290022","1.12","SPP_1",""
"290032","0.94","SPP_1",""
"290039","1.14","SPP_1",""
"290041","1.16","SPP_1",""
"290045","1.12","SPP_1",""
"290046","1.13","SPP_1",""
"290047","1.08","SPP_1",""
"290049","0.9","SPP_1",""
"290051","0.88","SPP_1",""
"290053","1.12","SPP_1",""
"290054","1.09","SPP_1",""
"300001","1.01","SPP_1",""
"300003","1.03","SPP_1",""
"300005","1.07","SPP_1",""
"300011","1.04","SPP_1",""
"300012","1.02","SPP_1",""
"300014","1.1","SPP_1",""
"300017","1.09","SPP_1",""
"300018","1.02","SPP_1",""
"300019","0.97","SPP_1",""
"300020","1.03","SPP_1",""
"300023","1.01","SPP_1",""
"300029","1.02","SPP_1",""
"300034","1.05","SPP_1",""
"310001","1.1","SPP_1",""
"310002","1.07","SPP_1",""
"310003","1.07","SPP_1",""
"310005","1","SPP_1",""
"310006","1.09","SPP_1",""
"310008","1.09","SPP_1",""
"310009","1.14","SPP_1",""
"310010","1.09","SPP_1",""
"310011","0.97","SPP_1",""
"310012","1.09","SPP_1",""
"310014","1.05","SPP_1",""
"310015","1.07","SPP_1",""
"310016","1.13","SPP_1",""
"310017","1.12","SPP_1",""
"310019","1.08","SPP_1",""
"310021","1.07","SPP_1",""
"310022","1.04","SPP_1",""
"310024","1.15","SPP_1",""
"310025","1.14","SPP_1",""
"310027","1.13","SPP_1",""
"310028","0.99","SPP_1",""
"310029","1.05","SPP_1",""
"310031","0.93","SPP_1",""
"310032","1.06","SPP_1",""
"310034","1.09","SPP_1",""
"310038","1.08","SPP_1",""
"310039","1.09","SPP_1",""
"310040","1.06","SPP_1",""
"310041","1.09","SPP_1",""
"310044","1.04","SPP_1",""
"310045","1.05","SPP_1",""
"310047","0.97","SPP_1",""
"310048","1.11","SPP_1",""
"310050","1.07","SPP_1",""
"310051","1.06","SPP_1",""
"310052","1.12","SPP_1",""
"310054","1.09","SPP_1",""
"310057","1.01","SPP_1",""
"310058","1.2","SPP_1",""
"310060","1.04","SPP_1",""
"310061","1.03","SPP_1",""
"310064","1.06","SPP_1",""
"310069","0.99","SPP_1",""
"310070","1.04","SPP_1",""
"310073","1.09","SPP_1",""
"310074","1.11","SPP_1",""
"310075","1.09","SPP_1",""
"310076","1.06","SPP_1",""
"310081","1.01","SPP_1",""
"310083","1.13","SPP_1",""
"310084","1.1","SPP_1",""
"310086","1.03","SPP_1",""
"310091","0.98","SPP_1",""
"310092","1.13","SPP_1",""
"310096","1.08","SPP_1",""
"310108","1.15","SPP_1",""
"310110","1.07","SPP_1",""
"310111","1.04","SPP_1",""
"310112","1.06","SPP_1",""
"310113","1.03","SPP_1",""
"310115","1.02","SPP_1",""
"310118","1.18","SPP_1",""
"310119","1.07","SPP_1",""
"310120","0.91","SPP_1",""
"320001","1.01","SPP_1",""
"320002","0.92","SPP_1",""
"320003","0.88","SPP_1",""
"320004","0.95","SPP_1",""
"320005","0.96","SPP_1",""
"320006","1","SPP_1",""
"320009","1.02","SPP_1",""
"320011","0.95","SPP_1",""
"320013","0.84","SPP_1",""
"320014","0.91","SPP_1",""
"320016","0.88","SPP_1",""
"320017","0.95","SPP_1",""
"320018","1.02","SPP_1",""
"320021","0.99","SPP_1",""
"320022","0.94","SPP_1",""
"320030","1.06","SPP_1",""
"320033","0.85","SPP_1",""
"320038","0.84","SPP_1",""
"320057","Not Available","SPP_1","16"
"320058","Not Available","SPP_1","16"
"320059","0.78","SPP_1",""
"320060","0.63","SPP_1",""
"320061","0.8","SPP_1",""
"320062","0.72","SPP_1",""
"320063","0.9","SPP_1",""
"320065","0.93","SPP_1",""
"320067","0.64","SPP_1",""
"320070","0.58","SPP_1",""
"320074","0.91","SPP_1",""
"320084","0.95","SPP_1",""
"320085","1.03","SPP_1",""
"320086","0.93","SPP_1",""
"330003","0.95","SPP_1",""
"330004","0.98","SPP_1",""
"330005","0.96","SPP_1",""
"330006","1.03","SPP_1",""
"330008","0.92","SPP_1",""
"330009","0.9","SPP_1",""
"330011","0.89","SPP_1",""
"330013","0.95","SPP_1",""
"330014","0.95","SPP_1",""
"330019","0.97","SPP_1",""
"330023","0.98","SPP_1",""
"330024","0.98","SPP_1",""
"330027","0.99","SPP_1",""
"330028","1.05","SPP_1",""
"330030","0.93","SPP_1",""
"330033","0.79","SPP_1",""
"330037","0.85","SPP_1",""
"330043","1.06","SPP_1",""
"330044","1","SPP_1",""
"330045","1.01","SPP_1",""
"330046","0.97","SPP_1",""
"330047","0.91","SPP_1",""
"330049","0.94","SPP_1",""
"330053","0.88","SPP_1",""
"330055","1.02","SPP_1",""
"330056","0.95","SPP_1",""
"330057","0.91","SPP_1",""
"330058","0.87","SPP_1",""
"330059","0.97","SPP_1",""
"330061","1.03","SPP_1",""
"330064","0.92","SPP_1",""
"330065","0.9","SPP_1",""
"330067","1.02","SPP_1",""
"330073","0.88","SPP_1",""
"330074","0.88","SPP_1",""
"330078","0.99","SPP_1",""
"330079","0.87","SPP_1",""
"330080","0.85","SPP_1",""
"330084","0.8","SPP_1",""
"330085","0.85","SPP_1",""
"330086","1.02","SPP_1",""
"330088","0.86","SPP_1",""
"330090","0.9","SPP_1",""
"330094","0.98","SPP_1",""
"330096","0.81","SPP_1",""
"330100","0.88","SPP_1",""
"330101","0.95","SPP_1",""
"330102","1","SPP_1",""
"330103","0.94","SPP_1",""
"330104","1.06","SPP_1",""
"330106","0.97","SPP_1",""
"330107","0.99","SPP_1",""
"330108","0.88","SPP_1",""
"330111","1.01","SPP_1",""
"330115","0.95","SPP_1",""
"330119","0.97","SPP_1",""
"330125","0.9","SPP_1",""
"330126","1.04","SPP_1",""
"330127","0.89","SPP_1",""
"330128","0.93","SPP_1",""
"330132","0.99","SPP_1",""
"330135","0.93","SPP_1",""
"330136","0.92","SPP_1",""
"330140","0.95","SPP_1",""
"330141","1.05","SPP_1",""
"330144","0.71","SPP_1",""
"330151","0.84","SPP_1",""
"330153","0.94","SPP_1",""
"330157","0.86","SPP_1",""
"330158","1.05","SPP_1",""
"330160","1.01","SPP_1",""
"330162","0.99","SPP_1",""
"330163","0.93","SPP_1",""
"330164","0.91","SPP_1",""
"330166","Not Available","SPP_1","16"
"330167","0.98","SPP_1",""
"330169","0.99","SPP_1",""
"330175","0.9","SPP_1",""
"330177","0.73","SPP_1",""
"330180","0.92","SPP_1",""
"330181","1.14","SPP_1",""
"330182","0.98","SPP_1",""
"330184","1.04","SPP_1",""
"330185","0.99","SPP_1",""
"330188","0.96","SPP_1",""
"330191","0.91","SPP_1",""
"330193","1.01","SPP_1",""
"330194","0.99","SPP_1",""
"330195","0.98","SPP_1",""
"330196","1.05","SPP_1",""
"330197","0.8","SPP_1",""
"330198","1.03","SPP_1",""
"330199","0.87","SPP_1",""
"330201","1.05","SPP_1",""
"330202","0.89","SPP_1",""
"330203","0.93","SPP_1",""
"330204","0.93","SPP_1",""
"330205","0.95","SPP_1",""
"330208","0.96","SPP_1",""
"330211","0.87","SPP_1",""
"330213","0.77","SPP_1",""
"330214","1.01","SPP_1",""
"330215","0.95","SPP_1",""
"330218","1.04","SPP_1",""
"330219","0.93","SPP_1",""
"330221","0.94","SPP_1",""
"330222","0.88","SPP_1",""
"330223","0.89","SPP_1",""
"330224","0.98","SPP_1",""
"330225","1","SPP_1",""
"330226","0.91","SPP_1",""
"330229","1.01","SPP_1",""
"330231","0.86","SPP_1",""
"330232","0.92","SPP_1",""
"330233","0.98","SPP_1",""
"330234","1.04","SPP_1",""
"330235","0.9","SPP_1",""
"330236","1.02","SPP_1",""
"330238","0.85","SPP_1",""
"330239","0.97","SPP_1",""
"330240","0.91","SPP_1",""
"330241","0.97","SPP_1",""
"330245","0.96","SPP_1",""
"330246","1.01","SPP_1",""
"330249","0.86","SPP_1",""
"330250","0.9","SPP_1",""
"330259","1.1","SPP_1",""
"330261","1","SPP_1",""
"330263","0.83","SPP_1",""
"330264","0.99","SPP_1",""
"330265","0.84","SPP_1",""
"330267","1.02","SPP_1",""
"330268","0.77","SPP_1",""
"330270","1.02","SPP_1",""
"330273","0.99","SPP_1",""
"330276","0.86","SPP_1",""
"330277","0.89","SPP_1",""
"330279","0.97","SPP_1",""
"330285","0.94","SPP_1",""
"330286","1.02","SPP_1",""
"330304","1.01","SPP_1",""
"330306","1.05","SPP_1",""
"330307","0.89","SPP_1",""
"330316","1.09","SPP_1",""
"330331","1.05","SPP_1",""
"330332","1.12","SPP_1",""
"330340","0.92","SPP_1",""
"330350","0.95","SPP_1",""
"330353","1.01","SPP_1",""
"330372","1.06","SPP_1",""
"330385","0.9","SPP_1",""
"330386","1.02","SPP_1",""
"330393","0.95","SPP_1",""
"330394","0.93","SPP_1",""
"330395","1.01","SPP_1",""
"330396","0.93","SPP_1",""
"330397","0.92","SPP_1",""
"330399","0.88","SPP_1",""
"330401","1.04","SPP_1",""
"330405","Not Available","SPP_1","16"
"330406","Not Available","SPP_1","16"
"340001","0.96","SPP_1",""
"340002","1","SPP_1",""
"340003","0.89","SPP_1",""
"340004","0.97","SPP_1",""
"340008","0.87","SPP_1",""
"340010","0.97","SPP_1",""
"340011","0.97","SPP_1",""
"340013","0.98","SPP_1",""
"340014","0.96","SPP_1",""
"340015","1.04","SPP_1",""
"340016","0.97","SPP_1",""
"340017","0.97","SPP_1",""
"340020","0.92","SPP_1",""
"340021","0.94","SPP_1",""
"340023","1.02","SPP_1",""
"340024","0.94","SPP_1",""
"340027","0.94","SPP_1",""
"340028","0.94","SPP_1",""
"340030","0.96","SPP_1",""
"340032","0.95","SPP_1",""
"340036","1.03","SPP_1",""
"340037","0.89","SPP_1",""
"340039","0.93","SPP_1",""
"340040","0.95","SPP_1",""
"340041","0.99","SPP_1",""
"340042","0.92","SPP_1",""
"340047","0.96","SPP_1",""
"340049","0.9","SPP_1",""
"340050","0.94","SPP_1",""
"340051","0.91","SPP_1",""
"340053","0.99","SPP_1",""
"340055","0.95","SPP_1",""
"340060","0.93","SPP_1",""
"340061","0.95","SPP_1",""
"340064","0.94","SPP_1",""
"340068","1","SPP_1",""
"340069","1","SPP_1",""
"340070","0.93","SPP_1",""
"340071","0.91","SPP_1",""
"340073","0.99","SPP_1",""
"340075","0.93","SPP_1",""
"340084","0.92","SPP_1",""
"340085","0.93","SPP_1",""
"340087","0.99","SPP_1",""
"340090","1.01","SPP_1",""
"340091","0.98","SPP_1",""
"340096","0.96","SPP_1",""
"340097","0.96","SPP_1",""
"340098","0.97","SPP_1",""
"340099","0.94","SPP_1",""
"340106","0.87","SPP_1",""
"340107","1.02","SPP_1",""
"340109","0.96","SPP_1",""
"340113","0.97","SPP_1",""
"340114","0.92","SPP_1",""
"340115","0.92","SPP_1",""
"340116","0.97","SPP_1",""
"340119","0.88","SPP_1",""
"340120","0.92","SPP_1",""
"340123","1","SPP_1",""
"340126","0.99","SPP_1",""
"340127","0.92","SPP_1",""
"340129","0.99","SPP_1",""
"340130","0.96","SPP_1",""
"340131","0.92","SPP_1",""
"340132","0.96","SPP_1",""
"340133","0.92","SPP_1",""
"340141","0.97","SPP_1",""
"340142","0.92","SPP_1",""
"340143","0.99","SPP_1",""
"340144","0.9","SPP_1",""
"340145","1.01","SPP_1",""
"340147","0.92","SPP_1",""
"340148","0.87","SPP_1",""
"340151","0.97","SPP_1",""
"340153","0.94","SPP_1",""
"340155","0.98","SPP_1",""
"340156","0.62","SPP_1",""
"340158","0.92","SPP_1",""
"340159","0.84","SPP_1",""
"340160","0.87","SPP_1",""
"340166","0.96","SPP_1",""
"340171","0.96","SPP_1",""
"340173","0.97","SPP_1",""
"340183","0.93","SPP_1",""
"340184","0.95","SPP_1",""
"340186","0.92","SPP_1",""
"350002","0.89","SPP_1",""
"350006","0.92","SPP_1",""
"350011","0.95","SPP_1",""
"350015","0.92","SPP_1",""
"350019","0.94","SPP_1",""
"350063","0.64","SPP_1",""
"350070","0.99","SPP_1",""
"360001","1","SPP_1",""
"360002","1.01","SPP_1",""
"360003","1.01","SPP_1",""
"360006","1.01","SPP_1",""
"360008","1.08","SPP_1",""
"360009","0.97","SPP_1",""
"360010","1.04","SPP_1",""
"360011","0.97","SPP_1",""
"360012","1","SPP_1",""
"360013","1.01","SPP_1",""
"360014","0.95","SPP_1",""
"360016","0.97","SPP_1",""
"360017","0.99","SPP_1",""
"360019","0.99","SPP_1",""
"360020","1","SPP_1",""
"360025","1.08","SPP_1",""
"360026","1.06","SPP_1",""
"360027","1.05","SPP_1",""
"360029","0.94","SPP_1",""
"360032","0.96","SPP_1",""
"360035","1.03","SPP_1",""
"360036","0.95","SPP_1",""
"360037","1","SPP_1",""
"360039","0.94","SPP_1",""
"360040","1.06","SPP_1",""
"360041","1.08","SPP_1",""
"360044","1.06","SPP_1",""
"360046","1.01","SPP_1",""
"360048","1.05","SPP_1",""
"360051","1.01","SPP_1",""
"360052","1.04","SPP_1",""
"360054","1.06","SPP_1",""
"360055","1.01","SPP_1",""
"360056","0.99","SPP_1",""
"360058","1.05","SPP_1",""
"360059","1","SPP_1",""
"360064","1.07","SPP_1",""
"360065","0.98","SPP_1",""
"360066","1.02","SPP_1",""
"360068","1","SPP_1",""
"360070","1.07","SPP_1",""
"360071","0.97","SPP_1",""
"360072","1.01","SPP_1",""
"360074","1.06","SPP_1",""
"360075","1.05","SPP_1",""
"360076","1.02","SPP_1",""
"360077","1.03","SPP_1",""
"360078","0.97","SPP_1",""
"360079","1.02","SPP_1",""
"360080","1.08","SPP_1",""
"360081","1.01","SPP_1",""
"360082","1.09","SPP_1",""
"360084","1.02","SPP_1",""
"360085","1.01","SPP_1",""
"360086","1.03","SPP_1",""
"360087","1","SPP_1",""
"360089","0.9","SPP_1",""
"360090","1","SPP_1",""
"360091","1.06","SPP_1",""
"360092","1.03","SPP_1",""
"360095","0.98","SPP_1",""
"360096","0.95","SPP_1",""
"360098","1.08","SPP_1",""
"360107","1","SPP_1",""
"360109","0.98","SPP_1",""
"360112","1.01","SPP_1",""
"360113","1.02","SPP_1",""
"360115","1.05","SPP_1",""
"360116","0.97","SPP_1",""
"360118","1.06","SPP_1",""
"360121","1.11","SPP_1",""
"360123","1","SPP_1",""
"360125","1","SPP_1",""
"360131","1.06","SPP_1",""
"360132","1.01","SPP_1",""
"360133","1.01","SPP_1",""
"360134","0.97","SPP_1",""
"360137","1.02","SPP_1",""
"360141","1.04","SPP_1",""
"360143","1.03","SPP_1",""
"360144","1.08","SPP_1",""
"360145","1.03","SPP_1",""
"360147","1.02","SPP_1",""
"360148","1.05","SPP_1",""
"360150","1.04","SPP_1",""
"360151","1.06","SPP_1",""
"360152","1.04","SPP_1",""
"360153","1.03","SPP_1",""
"360155","1.04","SPP_1",""
"360156","1","SPP_1",""
"360159","1","SPP_1",""
"360161","1.08","SPP_1",""
"360163","1.01","SPP_1",""
"360170","1","SPP_1",""
"360172","1.09","SPP_1",""
"360174","1.03","SPP_1",""
"360175","1","SPP_1",""
"360179","1.01","SPP_1",""
"360180","0.98","SPP_1",""
"360185","1.02","SPP_1",""
"360189","1.01","SPP_1",""
"360192","0.99","SPP_1",""
"360195","1.06","SPP_1",""
"360197","0.93","SPP_1",""
"360203","0.97","SPP_1",""
"360210","0.95","SPP_1",""
"360211","1.16","SPP_1",""
"360212","1.08","SPP_1",""
"360218","0.95","SPP_1",""
"360230","1.01","SPP_1",""
"360234","1.05","SPP_1",""
"360236","0.95","SPP_1",""
"360239","1.03","SPP_1",""
"360245","0.97","SPP_1",""
"360259","0.99","SPP_1",""
"360261","Not Available","SPP_1","16"
"360262","1.01","SPP_1",""
"360263","0.91","SPP_1",""
"360266","0.89","SPP_1",""
"360270","1.04","SPP_1",""
"360271","Not Available","SPP_1","16"
"360274","1.01","SPP_1",""
"360276","1.05","SPP_1",""
"360347","0.97","SPP_1",""
"360348","1.01","SPP_1",""
"360350","0.83","SPP_1",""
"360351","0.9","SPP_1",""
"360352","0.98","SPP_1",""
"360354","1.05","SPP_1",""
"360355","0.99","SPP_1",""
"360358","Not Available","SPP_1","16"
"360359","0.97","SPP_1",""
"370001","0.98","SPP_1",""
"370002","0.94","SPP_1",""
"370004","0.83","SPP_1",""
"370006","0.93","SPP_1",""
"370007","0.77","SPP_1",""
"370008","1.02","SPP_1",""
"370011","1.14","SPP_1",""
"370013","1.04","SPP_1",""
"370014","0.97","SPP_1",""
"370015","0.97","SPP_1",""
"370016","1","SPP_1",""
"370018","0.98","SPP_1",""
"370019","0.97","SPP_1",""
"370020","0.98","SPP_1",""
"370022","0.93","SPP_1",""
"370023","0.99","SPP_1",""
"370025","1.03","SPP_1",""
"370026","0.97","SPP_1",""
"370028","0.99","SPP_1",""
"370029","0.95","SPP_1",""
"370030","0.9","SPP_1",""
"370032","1.04","SPP_1",""
"370034","0.98","SPP_1",""
"370036","0.66","SPP_1",""
"370037","0.95","SPP_1",""
"370039","0.95","SPP_1",""
"370040","0.98","SPP_1",""
"370041","1.09","SPP_1",""
"370047","0.96","SPP_1",""
"370048","1.04","SPP_1",""
"370049","0.96","SPP_1",""
"370051","0.7","SPP_1",""
"370054","0.95","SPP_1",""
"370056","0.93","SPP_1",""
"370057","1.07","SPP_1",""
"370065","0.9","SPP_1",""
"370072","0.84","SPP_1",""
"370078","0.97","SPP_1",""
"370080","0.64","SPP_1",""
"370083","1.04","SPP_1",""
"370089","0.93","SPP_1",""
"370091","0.98","SPP_1",""
"370093","1.01","SPP_1",""
"370094","0.98","SPP_1",""
"370097","0.94","SPP_1",""
"370099","0.83","SPP_1",""
"370100","0.98","SPP_1",""
"370103","0.91","SPP_1",""
"370106","0.98","SPP_1",""
"370112","0.97","SPP_1",""
"370113","0.99","SPP_1",""
"370114","0.97","SPP_1",""
"370138","0.79","SPP_1",""
"370139","0.93","SPP_1",""
"370149","1.03","SPP_1",""
"370153","0.93","SPP_1",""
"370156","0.87","SPP_1",""
"370158","0.98","SPP_1",""
"370166","0.84","SPP_1",""
"370169","Not Available","SPP_1","16"
"370170","Not Available","SPP_1","16"
"370171","0.84","SPP_1",""
"370172","0.74","SPP_1",""
"370173","0.88","SPP_1",""
"370178","0.86","SPP_1",""
"370180","0.82","SPP_1",""
"370183","0.85","SPP_1",""
"370190","1.11","SPP_1",""
"370192","Not Available","SPP_1","16"
"370199","Not Available","SPP_1","16"
"370201","Not Available","SPP_1","16"
"370202","1.01","SPP_1",""
"370203","1.01","SPP_1",""
"370206","0.9","SPP_1",""
"370210","0.86","SPP_1",""
"370211","0.96","SPP_1",""
"370212","1.01","SPP_1",""
"370214","Not Available","SPP_1","16"
"370215","0.93","SPP_1",""
"370216","0.92","SPP_1",""
"370218","0.97","SPP_1",""
"370220","1.36","SPP_1",""
"370222","0.92","SPP_1",""
"370225","0.92","SPP_1",""
"370227","0.86","SPP_1",""
"370228","0.88","SPP_1",""
"370229","1.13","SPP_1",""
"370232","0.98","SPP_1",""
"370234","0.9","SPP_1",""
"370235","0.87","SPP_1",""
"370236","Not Available","SPP_1","16"
"380001","0.97","SPP_1",""
"380002","0.86","SPP_1",""
"380004","0.9","SPP_1",""
"380005","0.94","SPP_1",""
"380007","0.92","SPP_1",""
"380009","0.92","SPP_1",""
"380014","0.93","SPP_1",""
"380017","0.93","SPP_1",""
"380018","0.9","SPP_1",""
"380020","0.92","SPP_1",""
"380021","0.91","SPP_1",""
"380022","0.81","SPP_1",""
"380025","0.86","SPP_1",""
"380027","0.85","SPP_1",""
"380029","0.88","SPP_1",""
"380033","0.86","SPP_1",""
"380037","0.89","SPP_1",""
"380038","0.86","SPP_1",""
"380040","0.87","SPP_1",""
"380047","0.89","SPP_1",""
"380050","0.85","SPP_1",""
"380051","0.92","SPP_1",""
"380052","0.96","SPP_1",""
"380056","0.88","SPP_1",""
"380060","0.87","SPP_1",""
"380061","0.9","SPP_1",""
"380071","0.86","SPP_1",""
"380075","0.86","SPP_1",""
"380082","0.8","SPP_1",""
"380089","0.91","SPP_1",""
"380090","0.97","SPP_1",""
"380091","0.8","SPP_1",""
"380102","0.89","SPP_1",""
"390001","1.08","SPP_1",""
"390002","1.08","SPP_1",""
"390003","0.94","SPP_1",""
"390004","1.08","SPP_1",""
"390006","1.06","SPP_1",""
"390008","0.96","SPP_1",""
"390009","0.97","SPP_1",""
"390012","0.96","SPP_1",""
"390013","0.91","SPP_1",""
"390016","1.03","SPP_1",""
"390019","1.03","SPP_1",""
"390025","0.7","SPP_1",""
"390026","1.05","SPP_1",""
"390027","1.02","SPP_1",""
"390028","1.06","SPP_1",""
"390030","1.05","SPP_1",""
"390031","1.09","SPP_1",""
"390032","1.1","SPP_1",""
"390035","0.98","SPP_1",""
"390036","1.01","SPP_1",""
"390037","1.1","SPP_1",""
"390039","0.98","SPP_1",""
"390041","1.07","SPP_1",""
"390042","1.01","SPP_1",""
"390043","0.99","SPP_1",""
"390044","1.03","SPP_1",""
"390045","1","SPP_1",""
"390046","0.99","SPP_1",""
"390048","1.07","SPP_1",""
"390049","1.02","SPP_1",""
"390050","1.05","SPP_1",""
"390052","1.05","SPP_1",""
"390056","1.04","SPP_1",""
"390057","0.98","SPP_1",""
"390058","1.04","SPP_1",""
"390061","1.02","SPP_1",""
"390062","1.07","SPP_1",""
"390063","1.07","SPP_1",""
"390065","1","SPP_1",""
"390066","1.01","SPP_1",""
"390067","1.07","SPP_1",""
"390068","1.02","SPP_1",""
"390070","1.02","SPP_1",""
"390071","0.94","SPP_1",""
"390072","0.96","SPP_1",""
"390073","1.08","SPP_1",""
"390076","1.06","SPP_1",""
"390079","0.92","SPP_1",""
"390080","1.08","SPP_1",""
"390081","1.08","SPP_1",""
"390084","1.07","SPP_1",""
"390086","0.95","SPP_1",""
"390090","1.02","SPP_1",""
"390091","0.98","SPP_1",""
"390093","1.02","SPP_1",""
"390096","1.02","SPP_1",""
"390097","1.01","SPP_1",""
"390100","0.99","SPP_1",""
"390101","1.05","SPP_1",""
"390102","1.05","SPP_1",""
"390104","1","SPP_1",""
"390107","1.05","SPP_1",""
"390108","1.06","SPP_1",""
"390110","1","SPP_1",""
"390111","1.01","SPP_1",""
"390112","0.94","SPP_1",""
"390113","0.96","SPP_1",""
"390114","0.92","SPP_1",""
"390115","1.05","SPP_1",""
"390116","1.12","SPP_1",""
"390117","0.97","SPP_1",""
"390118","0.9","SPP_1",""
"390119","1.14","SPP_1",""
"390122","0.84","SPP_1",""
"390123","1.1","SPP_1",""
"390125","1.02","SPP_1",""
"390127","1.11","SPP_1",""
"390130","1.01","SPP_1",""
"390132","0.97","SPP_1",""
"390133","0.98","SPP_1",""
"390137","1.23","SPP_1",""
"390138","0.94","SPP_1",""
"390139","1.02","SPP_1",""
"390142","1.05","SPP_1",""
"390145","1.07","SPP_1",""
"390146","0.95","SPP_1",""
"390147","0.97","SPP_1",""
"390150","0.98","SPP_1",""
"390151","0.95","SPP_1",""
"390153","1.06","SPP_1",""
"390154","1","SPP_1",""
"390156","1.05","SPP_1",""
"390157","1.28","SPP_1",""
"390160","1","SPP_1",""
"390162","1.01","SPP_1",""
"390163","0.97","SPP_1",""
"390164","1","SPP_1",""
"390168","0.98","SPP_1",""
"390173","1.01","SPP_1",""
"390174","1.02","SPP_1",""
"390178","0.97","SPP_1",""
"390179","1.01","SPP_1",""
"390180","1.05","SPP_1",""
"390183","1.06","SPP_1",""
"390184","1.08","SPP_1",""
"390185","1.03","SPP_1",""
"390192","0.88","SPP_1",""
"390194","1.02","SPP_1",""
"390195","0.99","SPP_1",""
"390197","1.04","SPP_1",""
"390198","1.03","SPP_1",""
"390199","0.99","SPP_1",""
"390201","1.04","SPP_1",""
"390203","0.99","SPP_1",""
"390204","1.06","SPP_1",""
"390211","1","SPP_1",""
"390217","1.08","SPP_1",""
"390219","1.04","SPP_1",""
"390220","1.03","SPP_1",""
"390222","0.99","SPP_1",""
"390223","1.01","SPP_1",""
"390225","1.01","SPP_1",""
"390226","1.03","SPP_1",""
"390228","1.04","SPP_1",""
"390231","0.99","SPP_1",""
"390233","0.95","SPP_1",""
"390236","0.89","SPP_1",""
"390237","1.03","SPP_1",""
"390256","1","SPP_1",""
"390258","1.02","SPP_1",""
"390263","0.96","SPP_1",""
"390265","1.06","SPP_1",""
"390266","1.05","SPP_1",""
"390267","1.07","SPP_1",""
"390268","0.99","SPP_1",""
"390270","1.12","SPP_1",""
"390272","0.64","SPP_1",""
"390278","0.71","SPP_1",""
"390290","1.03","SPP_1",""
"390304","1.19","SPP_1",""
"390307","Not Available","SPP_1","16"
"390312","1.26","SPP_1",""
"390314","0.99","SPP_1",""
"390316","0.93","SPP_1",""
"390318","0.83","SPP_1",""
"390321","1.02","SPP_1",""
"390322","0.83","SPP_1",""
"390323","1.05","SPP_1",""
"390324","Not Available","SPP_1","16"
"390325","0.88","SPP_1",""
"390326","Not Available","SPP_1","16"
"410001","1.05","SPP_1",""
"410004","1.03","SPP_1",""
"410005","1.06","SPP_1",""
"410006","1.04","SPP_1",""
"410007","0.98","SPP_1",""
"410008","0.93","SPP_1",""
"410009","1.1","SPP_1",""
"410010","1.03","SPP_1",""
"410011","1.03","SPP_1",""
"410012","1.01","SPP_1",""
"410013","1.01","SPP_1",""
"420002","1.04","SPP_1",""
"420004","0.97","SPP_1",""
"420005","0.99","SPP_1",""
"420007","0.96","SPP_1",""
"420009","0.99","SPP_1",""
"420010","0.96","SPP_1",""
"420011","1","SPP_1",""
"420015","0.93","SPP_1",""
"420016","1.09","SPP_1",""
"420018","1","SPP_1",""
"420019","0.93","SPP_1",""
"420020","0.98","SPP_1",""
"420023","1.01","SPP_1",""
"420026","1","SPP_1",""
"420027","1.05","SPP_1",""
"420030","0.93","SPP_1",""
"420033","0.98","SPP_1",""
"420036","0.98","SPP_1",""
"420037","0.93","SPP_1",""
"420038","1.12","SPP_1",""
"420039","0.97","SPP_1",""
"420043","0.92","SPP_1",""
"420048","1.01","SPP_1",""
"420049","1","SPP_1",""
"420051","0.95","SPP_1",""
"420053","0.97","SPP_1",""
"420054","0.99","SPP_1",""
"420055","0.92","SPP_1",""
"420057","0.88","SPP_1",""
"420062","0.89","SPP_1",""
"420064","0.9","SPP_1",""
"420065","1.01","SPP_1",""
"420066","1.03","SPP_1",""
"420067","0.96","SPP_1",""
"420068","0.98","SPP_1",""
"420069","0.91","SPP_1",""
"420070","0.99","SPP_1",""
"420071","1","SPP_1",""
"420072","0.87","SPP_1",""
"420073","0.99","SPP_1",""
"420078","0.99","SPP_1",""
"420079","1.02","SPP_1",""
"420080","1.03","SPP_1",""
"420082","1.01","SPP_1",""
"420083","1.02","SPP_1",""
"420085","0.96","SPP_1",""
"420086","1.01","SPP_1",""
"420087","0.98","SPP_1",""
"420089","1.07","SPP_1",""
"420091","0.98","SPP_1",""
"420098","0.97","SPP_1",""
"420101","1.03","SPP_1",""
"420102","0.92","SPP_1",""
"420103","0.99","SPP_1",""
"420104","0.98","SPP_1",""
"430005","0.91","SPP_1",""
"430008","0.84","SPP_1",""
"430012","0.94","SPP_1",""
"430013","0.94","SPP_1",""
"430014","0.99","SPP_1",""
"430015","0.83","SPP_1",""
"430016","0.97","SPP_1",""
"430027","0.98","SPP_1",""
"430048","0.93","SPP_1",""
"430077","0.99","SPP_1",""
"430081","0.86","SPP_1",""
"430083","Not Available","SPP_1","16"
"430084","0.87","SPP_1",""
"430089","0.9","SPP_1",""
"430090","0.86","SPP_1",""
"430091","0.88","SPP_1",""
"430092","0.94","SPP_1",""
"430093","Not Available","SPP_1","16"
"430094","Not Available","SPP_1","16"
"430095","1.04","SPP_1",""
"430096","1.01","SPP_1",""
"440001","0.93","SPP_1",""
"440002","1.03","SPP_1",""
"440003","1.07","SPP_1",""
"440006","1.01","SPP_1",""
"440007","0.92","SPP_1",""
"440008","1.07","SPP_1",""
"440009","0.93","SPP_1",""
"440010","0.68","SPP_1",""
"440011","1","SPP_1",""
"440012","1.04","SPP_1",""
"440015","0.98","SPP_1",""
"440016","1.15","SPP_1",""
"440017","1.01","SPP_1",""
"440018","1.06","SPP_1",""
"440020","1.03","SPP_1",""
"440025","0.99","SPP_1",""
"440029","1.05","SPP_1",""
"440030","1.03","SPP_1",""
"440031","1","SPP_1",""
"440032","0.84","SPP_1",""
"440033","0.95","SPP_1",""
"440034","0.96","SPP_1",""
"440035","1.02","SPP_1",""
"440039","0.99","SPP_1",""
"440040","1.03","SPP_1",""
"440046","1.04","SPP_1",""
"440047","1.03","SPP_1",""
"440048","0.99","SPP_1",""
"440049","1.02","SPP_1",""
"440050","0.95","SPP_1",""
"440051","0.99","SPP_1",""
"440053","0.98","SPP_1",""
"440054","0.84","SPP_1",""
"440056","1.06","SPP_1",""
"440057","0.93","SPP_1",""
"440058","0.98","SPP_1",""
"440059","0.99","SPP_1",""
"440060","0.94","SPP_1",""
"440061","1.08","SPP_1",""
"440063","1","SPP_1",""
"440064","0.97","SPP_1",""
"440065","0.98","SPP_1",""
"440067","1.06","SPP_1",""
"440068","1","SPP_1",""
"440070","1.08","SPP_1",""
"440072","1.06","SPP_1",""
"440073","1.02","SPP_1",""
"440081","0.9","SPP_1",""
"440082","0.96","SPP_1",""
"440083","0.92","SPP_1",""
"440084","1.05","SPP_1",""
"440091","0.98","SPP_1",""
"440102","0.96","SPP_1",""
"440104","1.05","SPP_1",""
"440109","0.97","SPP_1",""
"440110","0.88","SPP_1",""
"440111","1.06","SPP_1",""
"440115","0.95","SPP_1",""
"440120","0.95","SPP_1",""
"440125","0.99","SPP_1",""
"440130","1.14","SPP_1",""
"440131","1.11","SPP_1",""
"440132","1.06","SPP_1",""
"440133","0.99","SPP_1",""
"440137","0.99","SPP_1",""
"440141","0.93","SPP_1",""
"440144","1.04","SPP_1",""
"440148","0.89","SPP_1",""
"440150","0.98","SPP_1",""
"440151","1","SPP_1",""
"440152","1.06","SPP_1",""
"440153","0.81","SPP_1",""
"440156","0.99","SPP_1",""
"440159","1.1","SPP_1",""
"440161","1","SPP_1",""
"440168","1.1","SPP_1",""
"440173","0.98","SPP_1",""
"440174","1","SPP_1",""
"440175","0.97","SPP_1",""
"440176","0.95","SPP_1",""
"440180","0.87","SPP_1",""
"440181","0.99","SPP_1",""
"440182","1.16","SPP_1",""
"440183","1.06","SPP_1",""
"440184","1","SPP_1",""
"440185","1.06","SPP_1",""
"440186","1.22","SPP_1",""
"440187","1.03","SPP_1",""
"440189","1","SPP_1",""
"440192","1.01","SPP_1",""
"440193","1.06","SPP_1",""
"440194","1.01","SPP_1",""
"440197","0.98","SPP_1",""
"440200","1","SPP_1",""
"440218","0.89","SPP_1",""
"440227","1.03","SPP_1",""
"440228","1.04","SPP_1",""
"450002","1.02","SPP_1",""
"450005","0.93","SPP_1",""
"450007","1.07","SPP_1",""
"450010","1.07","SPP_1",""
"450011","1","SPP_1",""
"450015","0.96","SPP_1",""
"450018","0.98","SPP_1",""
"450021","1.03","SPP_1",""
"450023","0.98","SPP_1",""
"450024","0.98","SPP_1",""
"450028","1.08","SPP_1",""
"450029","0.98","SPP_1",""
"450032","0.97","SPP_1",""
"450033","1.04","SPP_1",""
"450034","1.07","SPP_1",""
"450035","1.04","SPP_1",""
"450037","1.01","SPP_1",""
"450039","1.03","SPP_1",""
"450040","1.02","SPP_1",""
"450042","0.97","SPP_1",""
"450044","1.01","SPP_1",""
"450046","1.06","SPP_1",""
"450051","0.99","SPP_1",""
"450052","0.86","SPP_1",""
"450054","0.97","SPP_1",""
"450055","0.94","SPP_1",""
"450056","1.03","SPP_1",""
"450058","1.04","SPP_1",""
"450064","1.15","SPP_1",""
"450068","1.01","SPP_1",""
"450072","0.99","SPP_1",""
"450073","0.87","SPP_1",""
"450078","0.85","SPP_1",""
"450079","1.03","SPP_1",""
"450080","1.07","SPP_1",""
"450082","1.1","SPP_1",""
"450083","1.05","SPP_1",""
"450085","0.93","SPP_1",""
"450087","1.06","SPP_1",""
"450090","1.12","SPP_1",""
"450092","1.02","SPP_1",""
"450097","1.19","SPP_1",""
"450099","0.93","SPP_1",""
"450101","0.99","SPP_1",""
"450102","1.05","SPP_1",""
"450104","1.04","SPP_1",""
"450107","0.98","SPP_1",""
"450108","1.02","SPP_1",""
"450119","1.05","SPP_1",""
"450124","1.08","SPP_1",""
"450128","1.01","SPP_1",""
"450130","1.04","SPP_1",""
"450132","1.07","SPP_1",""
"450133","1.01","SPP_1",""
"450135","1.09","SPP_1",""
"450137","1.08","SPP_1",""
"450143","0.99","SPP_1",""
"450144","0.86","SPP_1",""
"450147","1.06","SPP_1",""
"450148","1.04","SPP_1",""
"450152","0.97","SPP_1",""
"450154","0.86","SPP_1",""
"450155","1.02","SPP_1",""
"450162","0.98","SPP_1",""
"450163","1","SPP_1",""
"450165","1.1","SPP_1",""
"450176","1.05","SPP_1",""
"450177","0.94","SPP_1",""
"450178","0.74","SPP_1",""
"450184","1.15","SPP_1",""
"450187","0.89","SPP_1",""
"450188","1","SPP_1",""
"450192","0.89","SPP_1",""
"450193","1.01","SPP_1",""
"450194","0.97","SPP_1",""
"450196","1.06","SPP_1",""
"450200","1.08","SPP_1",""
"450203","1.09","SPP_1",""
"450209","1.05","SPP_1",""
"450210","1","SPP_1",""
"450211","1.06","SPP_1",""
"450213","0.98","SPP_1",""
"450214","1.1","SPP_1",""
"450219","0.94","SPP_1",""
"450221","0.75","SPP_1",""
"450222","1.1","SPP_1",""
"450229","1","SPP_1",""
"450231","1.03","SPP_1",""
"450235","0.99","SPP_1",""
"450236","1.02","SPP_1",""
"450237","1.08","SPP_1",""
"450241","0.84","SPP_1",""
"450243","0.87","SPP_1",""
"450253","0.93","SPP_1",""
"450270","0.9","SPP_1",""
"450271","1.07","SPP_1",""
"450272","1.04","SPP_1",""
"450280","1.08","SPP_1",""
"450283","0.9","SPP_1",""
"450289","0.97","SPP_1",""
"450292","1.03","SPP_1",""
"450293","0.94","SPP_1",""
"450296","1.21","SPP_1",""
"450299","1.03","SPP_1",""
"450306","0.86","SPP_1",""
"450324","1.09","SPP_1",""
"450330","1.08","SPP_1",""
"450340","1.05","SPP_1",""
"450346","1.07","SPP_1",""
"450347","1.11","SPP_1",""
"450348","1","SPP_1",""
"450351","0.95","SPP_1",""
"450352","1.11","SPP_1",""
"450358","0.98","SPP_1",""
"450369","0.94","SPP_1",""
"450370","1","SPP_1",""
"450372","1.02","SPP_1",""
"450373","0.99","SPP_1",""
"450379","1.25","SPP_1",""
"450388","1.05","SPP_1",""
"450389","1.04","SPP_1",""
"450395","1.05","SPP_1",""
"450399","0.99","SPP_1",""
"450400","0.99","SPP_1",""
"450403","1.14","SPP_1",""
"450411","0.98","SPP_1",""
"450419","1.13","SPP_1",""
"450422","1.07","SPP_1",""
"450424","1.06","SPP_1",""
"450431","1.03","SPP_1",""
"450438","1.03","SPP_1",""
"450446","1.07","SPP_1",""
"450447","0.97","SPP_1",""
"450451","0.91","SPP_1",""
"450460","0.92","SPP_1",""
"450462","1.08","SPP_1",""
"450465","1.09","SPP_1",""
"450469","1.02","SPP_1",""
"450475","1.05","SPP_1",""
"450484","0.98","SPP_1",""
"450488","Not Available","SPP_1","16"
"450489","0.96","SPP_1",""
"450497","0.98","SPP_1",""
"450498","0.94","SPP_1",""
"450508","1.12","SPP_1",""
"450518","1.14","SPP_1",""
"450537","1.21","SPP_1",""
"450539","0.98","SPP_1",""
"450558","0.97","SPP_1",""
"450563","1.08","SPP_1",""
"450565","1.06","SPP_1",""
"450571","0.91","SPP_1",""
"450573","1.05","SPP_1",""
"450578","Not Available","SPP_1","16"
"450580","1.01","SPP_1",""
"450584","0.97","SPP_1",""
"450586","0.96","SPP_1",""
"450587","1.04","SPP_1",""
"450591","0.99","SPP_1",""
"450596","1.02","SPP_1",""
"450597","1.04","SPP_1",""
"450604","0.99","SPP_1",""
"450605","1.08","SPP_1",""
"450610","1.13","SPP_1",""
"450615","0.91","SPP_1",""
"450617","1.07","SPP_1",""
"450620","0.92","SPP_1",""
"450634","1.1","SPP_1",""
"450638","1.11","SPP_1",""
"450639","1.08","SPP_1",""
"450641","0.94","SPP_1",""
"450643","1","SPP_1",""
"450644","1.19","SPP_1",""
"450647","1.04","SPP_1",""
"450651","1.16","SPP_1",""
"450653","0.98","SPP_1",""
"450654","0.83","SPP_1",""
"450656","1.07","SPP_1",""
"450658","1.04","SPP_1",""
"450659","1.14","SPP_1",""
"450661","1.02","SPP_1",""
"450662","1.03","SPP_1",""
"450668","1.01","SPP_1",""
"450669","1.01","SPP_1",""
"450670","1.11","SPP_1",""
"450672","1.06","SPP_1",""
"450674","1.04","SPP_1",""
"450675","1.08","SPP_1",""
"450677","1.12","SPP_1",""
"450678","1.14","SPP_1",""
"450683","0.87","SPP_1",""
"450684","1.11","SPP_1",""
"450686","1.04","SPP_1",""
"450688","1.1","SPP_1",""
"450690","1.03","SPP_1",""
"450694","1.05","SPP_1",""
"450697","1","SPP_1",""
"450698","0.96","SPP_1",""
"450702","1.01","SPP_1",""
"450709","1.07","SPP_1",""
"450711","1.01","SPP_1",""
"450713","1.06","SPP_1",""
"450716","1.17","SPP_1",""
"450718","1.02","SPP_1",""
"450723","1.14","SPP_1",""
"450730","1.14","SPP_1",""
"450742","1.09","SPP_1",""
"450743","1.16","SPP_1",""
"450746","1.01","SPP_1",""
"450747","1.03","SPP_1",""
"450749","1.22","SPP_1",""
"450754","0.91","SPP_1",""
"450755","0.94","SPP_1",""
"450766","0.95","SPP_1",""
"450770","0.78","SPP_1",""
"450771","1.06","SPP_1",""
"450774","1.01","SPP_1",""
"450775","1.13","SPP_1",""
"450779","1.07","SPP_1",""
"450780","0.91","SPP_1",""
"450788","0.98","SPP_1",""
"450795","1.29","SPP_1",""
"450796","Not Available","SPP_1","16"
"450797","Not Available","SPP_1","16"
"450801","1.06","SPP_1",""
"450803","1.18","SPP_1",""
"450804","0.93","SPP_1",""
"450808","0.89","SPP_1",""
"450809","1.04","SPP_1",""
"450813","0.68","SPP_1",""
"450820","1.11","SPP_1",""
"450822","1.01","SPP_1",""
"450825","1.06","SPP_1",""
"450827","1.11","SPP_1",""
"450828","1.04","SPP_1",""
"450831","Not Available","SPP_1","16"
"450832","1.04","SPP_1",""
"450833","1.14","SPP_1",""
"450834","0.82","SPP_1",""
"450839","1.02","SPP_1",""
"450840","1.17","SPP_1",""
"450841","0.89","SPP_1",""
"450844","1.1","SPP_1",""
"450845","0.96","SPP_1",""
"450847","1.06","SPP_1",""
"450848","1.15","SPP_1",""
"450851","0.99","SPP_1",""
"450853","1.11","SPP_1",""
"450855","1.01","SPP_1",""
"450856","0.98","SPP_1",""
"450860","0.95","SPP_1",""
"450862","1.2","SPP_1",""
"450864","0.99","SPP_1",""
"450865","1.17","SPP_1",""
"450867","1.02","SPP_1",""
"450869","1.05","SPP_1",""
"450871","0.94","SPP_1",""
"450872","0.97","SPP_1",""
"450874","Not Available","SPP_1","16"
"450875","0.93","SPP_1",""
"450876","0.96","SPP_1",""
"450877","1.09","SPP_1",""
"450880","1.09","SPP_1",""
"450883","Not Available","SPP_1","16"
"450884","1.04","SPP_1",""
"450885","1.21","SPP_1",""
"450886","Not Available","SPP_1","16"
"450888","1.09","SPP_1",""
"450889","Not Available","SPP_1","16"
"450890","1.04","SPP_1",""
"450891","1.04","SPP_1",""
"450893","1.09","SPP_1",""
"450894","1.02","SPP_1",""
"460001","1.03","SPP_1",""
"460003","1.1","SPP_1",""
"460004","0.95","SPP_1",""
"460005","1.03","SPP_1",""
"460006","0.96","SPP_1",""
"460007","0.93","SPP_1",""
"460009","1.03","SPP_1",""
"460010","0.99","SPP_1",""
"460011","0.93","SPP_1",""
"460013","0.98","SPP_1",""
"460014","0.98","SPP_1",""
"460015","0.96","SPP_1",""
"460017","1","SPP_1",""
"460019","0.86","SPP_1",""
"460021","0.94","SPP_1",""
"460023","0.97","SPP_1",""
"460026","1.09","SPP_1",""
"460030","0.85","SPP_1",""
"460033","1.01","SPP_1",""
"460035","0.72","SPP_1",""
"460039","0.93","SPP_1",""
"460041","1.08","SPP_1",""
"460042","1","SPP_1",""
"460044","0.97","SPP_1",""
"460047","1.03","SPP_1",""
"460049","1.01","SPP_1",""
"460051","1.07","SPP_1",""
"460052","1.06","SPP_1",""
"460054","0.96","SPP_1",""
"460057","1.01","SPP_1",""
"460058","0.92","SPP_1",""
"470001","0.97","SPP_1",""
"470003","0.97","SPP_1",""
"470005","0.99","SPP_1",""
"470011","1.19","SPP_1",""
"470012","0.91","SPP_1",""
"470024","0.94","SPP_1",""
"490001","0.92","SPP_1",""
"490002","0.93","SPP_1",""
"490004","0.91","SPP_1",""
"490005","0.94","SPP_1",""
"490007","1","SPP_1",""
"490009","0.99","SPP_1",""
"490011","1.01","SPP_1",""
"490012","0.91","SPP_1",""
"490013","0.92","SPP_1",""
"490017","0.97","SPP_1",""
"490018","0.91","SPP_1",""
"490019","0.97","SPP_1",""
"490020","1.04","SPP_1",""
"490021","0.98","SPP_1",""
"490022","1.02","SPP_1",""
"490023","1.01","SPP_1",""
"490024","0.97","SPP_1",""
"490027","0.87","SPP_1",""
"490032","0.99","SPP_1",""
"490033","0.83","SPP_1",""
"490037","0.92","SPP_1",""
"490038","0.83","SPP_1",""
"490040","0.99","SPP_1",""
"490041","0.96","SPP_1",""
"490042","0.99","SPP_1",""
"490043","1.04","SPP_1",""
"490044","0.98","SPP_1",""
"490045","0.99","SPP_1",""
"490046","0.97","SPP_1",""
"490048","1.02","SPP_1",""
"490050","0.95","SPP_1",""
"490052","0.98","SPP_1",""
"490053","0.93","SPP_1",""
"490057","0.96","SPP_1",""
"490059","1","SPP_1",""
"490060","0.93","SPP_1",""
"490063","1","SPP_1",""
"490066","0.97","SPP_1",""
"490067","1.02","SPP_1",""
"490069","0.97","SPP_1",""
"490075","0.98","SPP_1",""
"490077","0.95","SPP_1",""
"490079","1.01","SPP_1",""
"490084","0.93","SPP_1",""
"490088","0.93","SPP_1",""
"490089","0.89","SPP_1",""
"490090","1","SPP_1",""
"490092","0.85","SPP_1",""
"490093","1","SPP_1",""
"490094","1","SPP_1",""
"490097","1.02","SPP_1",""
"490098","0.95","SPP_1",""
"490101","0.92","SPP_1",""
"490105","Not Available","SPP_1","16"
"490107","0.98","SPP_1",""
"490109","0.68","SPP_1",""
"490110","0.96","SPP_1",""
"490111","0.93","SPP_1",""
"490112","1","SPP_1",""
"490113","1.02","SPP_1",""
"490114","0.9","SPP_1",""
"490115","1.01","SPP_1",""
"490116","0.98","SPP_1",""
"490117","1.02","SPP_1",""
"490118","0.98","SPP_1",""
"490119","0.93","SPP_1",""
"490120","0.99","SPP_1",""
"490122","0.94","SPP_1",""
"490123","0.83","SPP_1",""
"490126","0.96","SPP_1",""
"490127","0.87","SPP_1",""
"490130","0.89","SPP_1",""
"490136","1.01","SPP_1",""
"490140","1.03","SPP_1",""
"490141","0.98","SPP_1",""
"500001","0.95","SPP_1",""
"500002","0.92","SPP_1",""
"500003","0.98","SPP_1",""
"500005","0.97","SPP_1",""
"500007","0.95","SPP_1",""
"500008","0.94","SPP_1",""
"500011","0.98","SPP_1",""
"500012","0.97","SPP_1",""
"500014","0.94","SPP_1",""
"500015","1","SPP_1",""
"500016","0.95","SPP_1",""
"500019","0.93","SPP_1",""
"500021","0.94","SPP_1",""
"500024","0.92","SPP_1",""
"500025","0.99","SPP_1",""
"500026","1","SPP_1",""
"500027","0.93","SPP_1",""
"500030","0.92","SPP_1",""
"500031","0.91","SPP_1",""
"500033","0.87","SPP_1",""
"500036","0.92","SPP_1",""
"500037","0.88","SPP_1",""
"500039","0.97","SPP_1",""
"500041","0.89","SPP_1",""
"500044","1","SPP_1",""
"500049","0.89","SPP_1",""
"500050","0.9","SPP_1",""
"500051","0.92","SPP_1",""
"500053","0.92","SPP_1",""
"500054","0.95","SPP_1",""
"500058","0.98","SPP_1",""
"500060","0.92","SPP_1",""
"500064","0.93","SPP_1",""
"500072","0.94","SPP_1",""
"500077","0.99","SPP_1",""
"500079","0.94","SPP_1",""
"500084","0.83","SPP_1",""
"500088","0.95","SPP_1",""
"500108","0.96","SPP_1",""
"500119","0.97","SPP_1",""
"500124","0.97","SPP_1",""
"500129","0.93","SPP_1",""
"500139","0.96","SPP_1",""
"500141","0.98","SPP_1",""
"500148","0.88","SPP_1",""
"500150","0.86","SPP_1",""
"500151","0.97","SPP_1",""
"500152","Not Available","SPP_1","16"
"510001","0.98","SPP_1",""
"510002","0.96","SPP_1",""
"510006","0.93","SPP_1",""
"510007","0.99","SPP_1",""
"510008","0.98","SPP_1",""
"510012","0.93","SPP_1",""
"510013","1.02","SPP_1",""
"510018","0.94","SPP_1",""
"510022","0.96","SPP_1",""
"510023","0.99","SPP_1",""
"510024","0.98","SPP_1",""
"510029","1","SPP_1",""
"510030","0.87","SPP_1",""
"510031","0.94","SPP_1",""
"510038","0.86","SPP_1",""
"510039","0.99","SPP_1",""
"510046","0.97","SPP_1",""
"510047","1.01","SPP_1",""
"510048","0.96","SPP_1",""
"510050","1.02","SPP_1",""
"510053","0.93","SPP_1",""
"510055","0.93","SPP_1",""
"510058","1.04","SPP_1",""
"510062","1","SPP_1",""
"510070","0.97","SPP_1",""
"510071","0.95","SPP_1",""
"510072","0.96","SPP_1",""
"510077","0.9","SPP_1",""
"510082","0.96","SPP_1",""
"510085","1.02","SPP_1",""
"510086","0.94","SPP_1",""
"520002","0.86","SPP_1",""
"520004","0.91","SPP_1",""
"520008","0.96","SPP_1",""
"520009","0.96","SPP_1",""
"520011","0.87","SPP_1",""
"520013","0.95","SPP_1",""
"520017","0.88","SPP_1",""
"520019","0.9","SPP_1",""
"520021","1.02","SPP_1",""
"520027","0.96","SPP_1",""
"520028","0.95","SPP_1",""
"520030","0.93","SPP_1",""
"520033","0.85","SPP_1",""
"520034","0.96","SPP_1",""
"520035","0.97","SPP_1",""
"520037","0.94","SPP_1",""
"520038","0.94","SPP_1",""
"520041","0.95","SPP_1",""
"520044","0.99","SPP_1",""
"520045","0.97","SPP_1",""
"520048","0.9","SPP_1",""
"520049","0.95","SPP_1",""
"520051","0.95","SPP_1",""
"520057","0.91","SPP_1",""
"520059","0.96","SPP_1",""
"520062","0.93","SPP_1",""
"520063","0.99","SPP_1",""
"520066","0.91","SPP_1",""
"520070","0.97","SPP_1",""
"520071","0.9","SPP_1",""
"520075","0.94","SPP_1",""
"520076","0.99","SPP_1",""
"520078","0.98","SPP_1",""
"520083","0.94","SPP_1",""
"520087","0.92","SPP_1",""
"520088","0.97","SPP_1",""
"520089","0.93","SPP_1",""
"520091","0.86","SPP_1",""
"520095","0.84","SPP_1",""
"520096","0.94","SPP_1",""
"520097","0.89","SPP_1",""
"520098","0.94","SPP_1",""
"520100","0.99","SPP_1",""
"520102","1","SPP_1",""
"520103","1.02","SPP_1",""
"520107","1.03","SPP_1",""
"520109","0.81","SPP_1",""
"520113","0.91","SPP_1",""
"520116","0.94","SPP_1",""
"520136","0.95","SPP_1",""
"520138","0.98","SPP_1",""
"520139","1.01","SPP_1",""
"520160","0.95","SPP_1",""
"520177","0.94","SPP_1",""
"520189","1.03","SPP_1",""
"520193","0.93","SPP_1",""
"520194","0.89","SPP_1",""
"520196","0.9","SPP_1",""
"520198","0.95","SPP_1",""
"520202","0.91","SPP_1",""
"520204","1.03","SPP_1",""
"520205","0.92","SPP_1",""
"520206","0.98","SPP_1",""
"520207","1.01","SPP_1",""
"530002","0.88","SPP_1",""
"530006","0.94","SPP_1",""
"530008","0.94","SPP_1",""
"530010","0.94","SPP_1",""
"530011","1.02","SPP_1",""
"530012","1.04","SPP_1",""
"530014","1.02","SPP_1",""
"530015","0.93","SPP_1",""
"530025","1","SPP_1",""
"530032","0.86","SPP_1",""
"530033","0.98","SPP_1",""
"670002","1.25","SPP_1",""
"670004","1","SPP_1",""
"670005","0.95","SPP_1",""
"670006","1.03","SPP_1",""
"670008","1.07","SPP_1",""
"670012","0.99","SPP_1",""
"670018","1.01","SPP_1",""
"670019","1.2","SPP_1",""
"670021","Not Available","SPP_1","16"
"670023","1.08","SPP_1",""
"670024","1.08","SPP_1",""
"670025","1.01","SPP_1",""
"670029","0.82","SPP_1",""
"670031","1.26","SPP_1",""
"670034","0.98","SPP_1",""
"670041","1.06","SPP_1",""
"670043","1.04","SPP_1",""
"670044","1.02","SPP_1",""
"670046","1","SPP_1",""
"670047","1.01","SPP_1",""
"670049","1.02","SPP_1",""
"670050","1.29","SPP_1",""
"670052","1.06","SPP_1",""
"670053","1.24","SPP_1",""
"670054","1.19","SPP_1",""
"670055","1.09","SPP_1",""
"670056","1.06","SPP_1",""
"670059","1.18","SPP_1",""
"670060","1.16","SPP_1",""
"670061","0.92","SPP_1",""
"670063","Not Available","SPP_1","16"
"670064","Not Available","SPP_1","16"
"670066","1.08","SPP_1",""
"670067","1.04","SPP_1",""
"670068","1.09","SPP_1",""
"670069","1.1","SPP_1",""
"670071","Not Available","SPP_1",""
"670072","1.21","SPP_1",""
"670073","1.02","SPP_1",""
"670075","1.15","SPP_1",""
"670076","Not Available","SPP_1",""
"670077","Not Available","SPP_1",""
